,,,,,,,,,,,,,SAMPLE_NAME,GEOR-00049,GEOR-00050,GEOR-00051,GEOR-00052,GEOR-00053,GEOR-00054,GEOR-00055,GEOR-00056,GEOR-00057,GEOR-00058,GEOR-00059,GEOR-00060
,,,,,,,,,,,,,SAMPLE_ID,2101714,2101715,2101716,2101717,2101718,2101719,2101720,2101721,2101722,2101723,2101724,2101725
,,,,,,,,,,,,,CLIENT_IDENTIFIER,A_1,A_2,A_3,A_4,A_5,A_6,B_1,B_2,B_3,B_4,B_5,B_6
,,,,,,,,,,,,,BRADFORD_PROTEIN,8.152,5.533,12.381,4.403,9.529,24.1,1.773,18.581,8.09,3.889,10.366,9.042
,,,,,,,,,,,,,CELL_LINE,A,A,A,A,A,A,B,B,B,B,B,B
,,,,,,,,,,,,,DATE,N/A,N/A,N/A,N/A,N/A,N/A,N/A,N/A,N/A,N/A,N/A,N/A
,,,,,,,,,,,,,GROUP_NUMBER,1,1,1,1,1,1,2,2,2,2,2,2
,,,,,,,,,,,,,RUN_DAY,1,2,2,1,1,2,1,2,2,1,1,2
,,,,,,,,,,,,,TUBE_ID,1,2,3,4,5,6,7,8,9,10,11,12
PATHWAY_SORTORDER,BIOCHEMICAL,SUPER_PATHWAY,SUB_PATHWAY,COMP_ID,PLATFORM,CHEMICAL_ID,RI,MASS,CAS,PUBCHEM,CHEMSPIDER,KEGG,                               Group   HMDB_ID,LCC9,LCC9,LCC9,LCC9,LCC9,LCC9,LCC1,LCC1,LCC1,LCC1,LCC1,LCC1
1471,1-arachidonoylglycerophosphoinositol*,Lipid,Lysolipid,34214,LC/MS Neg,100001654,5482,619.28888,,,,,HMDB61690,0.0822,0.4274,0.0822,0.0822,0.0822,0.0822,0.0822,0.0822,0.0822,0.0822,0.0822,0.0822
1545,1-eicosenoylglycerol,Lipid,Monoacylglycerol,35149,LC/MS Pos,100001477,6065,402.35779,,,21403139,,,0.1036,0.1658,0.4109,0.1036,0.1036,0.8139,0.1036,0.1427,0.2888,1.0930,0.1036,0.1036
1540,1-linoleoylglycerol (1-monolinolein),Lipid,Monoacylglycerol,27447,LC/MS Pos,100001040,5685,372.31084,2277-28-3,5283469,4446589,,,0.8312,0.2881,1.1193,0.0342,0.5483,0.7789,0.0342,0.1093,0.4237,0.0342,1.3842,0.0342
1409,1-linoleoylglycerophosphocholine (18:2n6),Lipid,Lysolipid,34419,LC/MS Pos,100001395,5575.9,520.33977,,11988421,10160888,C04100,HMDB10386,2.2142,0.0845,2.0931,1.0029,1.7335,1.2019,0.0845,0.0845,2.5697,0.5599,1.3480,0.3002
1446,1-linoleoylglycerophosphoethanolamine*,Lipid,Lysolipid,32635,LC/MS Neg,100001570,5900,476.27826,,52925130,21403170,,HMDB11507,2.0138,1.8290,1.0237,0.8911,0.9763,0.5229,0.6577,0.7387,1.2022,1.1615,1.8744,0.8264
1467,1-linoleoylglycerophosphoinositol*,Lipid,Lysolipid,36594,LC/MS Neg,100001778,5494,595.28888,,,,,,0.4898,0.8025,0.5867,0.2957,0.5985,0.6534,0.2957,0.7160,0.4748,0.2957,0.5817,0.7590
1529,1-myristoylglycerol (1-monomyristin),Lipid,Monoacylglycerol,35625,LC/MS Neg,100001618,6353.3,227.20163,75685-84-6,79050,71382,C01885,HMDB11561,0.9059,0.8522,0.7122,1.0939,1.0301,0.5621,1.1898,0.4696,0.8165,0.8625,0.5103,0.5110
1538,1-oleoylglycerol (1-monoolein),Lipid,Monoacylglycerol,21184,LC/MS Pos,100000924,5820.4,374.32649,111-03-5,5283468,4446588,,HMDB11567,0.7516,0.0807,1.6918,0.1004,0.3513,4.2436,0.0241,0.4910,1.1778,0.4990,0.6244,0.0528
1406,1-oleoylglycerophosphocholine (18:1),Lipid,Lysolipid,48258,LC/MS Pos,100001272,5700,522.35542,19420-56-5,16081932,17240641,,HMDB02815,3.1282,0.1918,2.4418,0.5841,2.5789,1.9306,0.1228,0.8693,1.7276,0.6664,2.0174,0.1757
1442,1-oleoylglycerophosphoethanolamine,Lipid,Lysolipid,35628,LC/MS Neg,100001569,6125.1,478.29391,89576-29-4,9547071,7826021,,HMDB11506,1.8749,0.9574,0.7872,0.8567,1.3050,0.9011,1.0551,0.6373,0.8582,1.0707,1.4215,0.6768
1489,1-oleoylglycerophosphoglycerol*,Lipid,Lysolipid,45968,LC/MS Neg,100005716,5610,509.28849,,,,,,1.0012,0.7207,0.5950,0.6782,0.8284,0.3399,0.5521,0.5749,0.9252,0.8258,0.9058,0.9935
1465,1-oleoylglycerophosphoinositol*,Lipid,Lysolipid,36602,LC/MS Neg,100001777,5599,597.30453,,,,,,1.3989,0.8743,0.6556,0.6734,1.1310,0.9211,0.6439,0.6256,0.6770,0.6562,1.0032,0.6685
1474,1-oleoylglycerophosphoserine,Lipid,Lysolipid,19260,LC/MS Neg,100000630,5607,522.28374,,9547099,7826049,,,1.1537,0.2934,0.6393,0.1650,0.8052,0.6032,0.1650,0.5314,0.6377,0.4014,1.1105,0.4547
1400,1-palmitoleoylglycerophosphocholine (16:1)*,Lipid,Lysolipid,33230,LC/MS Pos,100001511,5525,494.32412,,24779461,21403152,,HMDB10383,1.5587,0.0912,1.3800,0.7556,1.6740,1.8641,0.2140,0.9833,1.9577,0.3397,1.1525,0.2219
1533,1-palmitoylglycerol (1-monopalmitin),Lipid,Monoacylglycerol,21127,LC/MS Pos,100000827,5790,348.31084,542-44-9,14900,14201,,HMDB31074,1.3114,0.8900,1.7213,0.4070,0.6584,3.3143,0.2802,0.6194,1.2618,1.6396,0.9983,0.2728
1398,1-palmitoylglycerophosphocholine (16:0),Lipid,Lysolipid,33955,LC/MS Pos,100001263,5670,496.33977,17364-16-8,86554,78064,,HMDB10382,1.9918,0.2347,1.6026,0.4834,1.7420,1.3173,0.0881,0.4494,1.4423,0.4896,1.0783,0.1315
1437,1-palmitoylglycerophosphoethanolamine,Lipid,Lysolipid,35631,LC/MS Neg,100001567,6057.2,452.27826,,9547069,7826019,,HMDB11503,1.9547,1.3871,1.0004,1.1470,1.5381,0.9125,0.8669,0.5060,0.7161,0.7855,1.0917,0.5510
1484,1-palmitoylglycerophosphoglycerol*,Lipid,Lysolipid,45970,LC/MS Neg,100005717,5570,483.27284,,3300276,2548639,,,1.4307,0.7106,0.7025,0.7390,1.2484,0.4890,0.2187,0.6409,0.8491,0.5138,0.5022,0.9940
1460,1-palmitoylglycerophosphoinositol*,Lipid,Lysolipid,35305,LC/MS Neg,100001655,5564,571.28888,,,,,HMDB61695,1.4885,0.8719,0.6802,0.6512,1.3979,1.0247,0.4790,0.7310,0.6233,0.8774,1.2010,0.7820
1486,1-palmitoylglycerophosphoserine*,Lipid,Lysolipid,46130,LC/MS Neg,100005805,5572,496.26809,,9547100,7826050,,,1.4609,0.0931,0.7827,0.0931,1.0843,1.0096,0.0931,0.6992,0.1458,0.0931,0.9597,0.0931
1432,1-palmitoylplasmenylethanolamine*,Lipid,Lysolipid,39270,LC/MS Neg,100003000,6285,436.28334,,,10471193,,,1.3903,0.1447,0.3387,0.1447,0.5721,0.4895,0.1447,1.8289,1.8621,1.3232,2.7944,0.2419
1536,1-stearoylglycerol (1-monostearin),Lipid,Monoacylglycerol,21188,LC/MS Pos,100000932,6042,376.34214,123-94-4;31566-31-1,24699,23095,D01947,HMDB31075,2.3664,0.8693,1.0000,0.2959,1.0544,1.2484,0.3276,0.2959,0.7894,1.5410,0.3195,0.4134
1404,1-stearoylglycerophosphocholine (18:0),Lipid,Lysolipid,33961,LC/MS Pos,100001271,5847,524.37107,19420-57-6,497299,435389,,HMDB10384,0.9715,0.2732,1.7581,0.7642,0.5329,2.0848,0.0539,0.3828,1.8579,0.8050,1.2068,0.1603
1440,1-stearoylglycerophosphoethanolamine,Lipid,Lysolipid,42398,LC/MS Neg,100001461,6514,480.30956,69747-55-3,9547068,7826018,,HMDB11130,1.5162,1.4464,0.8052,1.0945,1.1611,0.6682,1.2919,0.6164,1.0434,0.9692,0.9275,0.8106
1463,1-stearoylglycerophosphoinositol,Lipid,Lysolipid,19324,LC/MS Neg,100000656,5794.3,599.32018,796963-93-4,,21403067,,HMDB61696,1.1953,0.6934,0.5822,0.7521,1.0927,0.6551,0.8706,0.6484,0.8271,0.9034,1.0390,0.9107
1473,1-stearoylglycerophosphoserine*,Lipid,Lysolipid,45966,LC/MS Neg,100004327,5800,524.29939,,9547101,7826051,,,1.6165,0.7607,0.7013,1.1096,1.0480,0.5928,0.7719,0.5375,0.8270,0.5882,0.9416,0.6998
985,10-heptadecenoate (17:1n7),Lipid,Long Chain Fatty Acid,33971,LC/MS Neg,100001278,5555,267.23295,29743-97-3,5312435,4471860,,HMDB60038,1.1067,0.8816,0.5105,1.3865,0.8148,0.4163,2.9140,0.5993,0.7115,1.1753,0.7978,0.7743
995,10-nonadecenoate (19:1n9),Lipid,Long Chain Fatty Acid,33972,LC/MS Neg,100001277,5780,295.26425,73033-09-7,5312513,4471938,,HMDB13622,1.2094,0.9401,0.5302,1.1855,0.8887,0.4872,2.6838,0.5306,0.6008,1.0426,0.6284,0.7008
1248,13-HODE + 9-HODE,Lipid,"Fatty Acid, Monohydroxy",37752,LC/MS Neg,100002196,5275,295.22825,,43013,,,,1.3919,0.7865,0.5905,1.6244,0.7882,0.8548,1.9953,1.0017,1.2890,1.7132,1.1800,1.0724
1082,15-methylpalmitate (isobar with 2-methylpalmitate),Lipid,"Fatty Acid, Branched",38768,LC/MS Neg,100002945,5695,269.24868,,17903417,,,,1.1126,1.4361,0.7914,2.1945,0.8425,0.5562,5.6868,0.7056,1.0429,2.1163,1.0021,1.0573
1243,16-hydroxypalmitate,Lipid,"Fatty Acid, Monohydroxy",39609,LC/MS Neg,100002953,5236.2,271.22786,506-13-8,10466,10034,C18218,HMDB06294,0.3976,0.6119,0.3663,0.7423,0.5616,0.7890,1.2734,0.1888,0.4204,0.3815,0.2598,0.2979
1085,17-methylstearate,Lipid,"Fatty Acid, Branched",38296,LC/MS Neg,100002356,5993,297.2799,2724-59-6,3083779,2340933,,,1.2474,1.0624,0.7480,1.7492,1.2676,0.5505,3.2658,0.5203,0.2225,2.6983,0.7204,0.6950
2388,2'-deoxyadenosine 5'-monophosphate,Nucleotide,"Purine Metabolism, Adenine containing",46333,LC/MS Neg,100000485,1315,330.06089,653-63-4,12599,601,C00360,HMDB00905,4.1957,3.0236,2.0950,5.4915,4.8002,0.9622,7.9664,1.0669,1.0378,3.9340,2.1869,2.7037
2469,2'-deoxycytidine,Nucleotide,"Pyrimidine Metabolism, Cytidine containing",15949,LC/MS Neg,100000125,1492.2,226.08333,951-77-9,13711,13117,C00881,HMDB00014,1.0382,0.0782,0.0641,0.3728,0.3334,0.0773,1.4973,0.3039,1.1390,1.1987,0.6903,0.3950
2467,2'-deoxycytidine 5'-monophosphate,Nucleotide,"Pyrimidine Metabolism, Cytidine containing",533,LC/MS Pos,298,1125.5,308.06422,1032-65-1,13945,5414501,C00239,HMDB01202,2.7235,1.2804,1.8709,2.5488,2.2801,1.0154,3.2343,0.4732,0.0979,1.1499,0.0979,1.1543
2419,2'-deoxyguanosine,Nucleotide,"Purine Metabolism, Guanine containing",1411,LC/MS Neg,348,1751,266.08948,961-07-9,187790,163230,C00330,HMDB00085,2.2551,0.6569,1.2797,1.4858,1.4068,1.2643,3.1975,0.9661,4.3985,3.7559,1.5373,0.6816
2354,2'-deoxyinosine,Nucleotide,"Purine Metabolism, (Hypo)Xanthine/Inosine containing",15076,LC/MS Neg,100000135,1688,251.07857,890-38-0,65058,58569,C05512,HMDB00071,3.3426,0.6440,1.3016,2.5925,2.3703,1.0026,2.8007,1.1825,1.7754,4.5777,2.6107,0.9633
2448,2'-deoxyuridine,Nucleotide,"Pyrimidine Metabolism, Uracil containing",1412,LC/MS Neg,536,1585.5,111.01997,951-78-0,13712,13118,C00526,HMDB00012,0.7486,1.2045,0.1631,1.1279,0.2240,0.5439,3.9269,0.5754,0.5108,2.5604,1.0063,0.4849
770,"2,3-diphosphoglycerate",Carbohydrate,"Glycolysis, Gluconeogenesis, and Pyruvate Metabolism",15664,LC/MS Neg,1227,555,264.952,102783-53-9,186004,161681,C01159,HMDB01294,0.8018,2.1164,0.5751,1.5569,1.8985,0.2208,5.1226,1.7790,0.8291,0.9491,2.9271,1.6614
77,2-aminoadipate,Amino Acid,Lysine Metabolism,6146,LC/MS Pos,381,793.3,162.07609,542-32-5;1118-90-7,469,456,C00956,HMDB00510,0.9852,1.9610,1.0941,0.9596,1.5874,0.5505,2.2500,0.2800,0.8285,0.7712,1.0369,0.6579
272,2-hydroxy-3-methylvalerate,Amino Acid,"Leucine, Isoleucine and Valine Metabolism",36746,LC/MS Neg,100001541,1800,131.07136,488-15-3,164623,144317,,HMDB00317,1.0800,1.2054,1.0000,1.4490,1.4770,0.9123,3.2991,1.3886,0.3827,1.4939,0.2420,0.5235
1096,2-hydroxyglutarate,Lipid,"Fatty Acid, Dicarboxylate",37253,LC/MS Polar,100002070,3352.8,147.02989,40951-21-1,43,42,C02630,HMDB00606,2.0871,1.9382,0.8356,1.6782,1.0857,0.7684,2.2973,0.2752,0.2694,0.9467,0.3559,0.2765
1224,2-hydroxypalmitate,Lipid,"Fatty Acid, Monohydroxy",35675,LC/MS Neg,100001579,5511.2,271.22786,764-67-0,92836,83805,,HMDB31057,1.0643,1.0816,0.6152,1.4131,1.0348,0.6288,3.5803,0.4795,0.9200,1.6253,0.5705,0.9126
1541,2-linoleoylglycerol (2-monolinolein),Lipid,Monoacylglycerol,32506,LC/MS Neg,100000987,6250,279.23293,3443-82-1,5365676,4517636,,HMDB11538,1.0646,0.9785,0.5164,1.0571,0.7394,0.5926,1.3390,0.4892,0.5920,1.7098,0.3825,0.4015
267,2-methylbutyrylcarnitine (C5),Amino Acid,"Leucine, Isoleucine and Valine Metabolism",45095,LC/MS Pos,100001509,2465,246.16999,31023-25-3,6426901,4932320,,HMDB00378,0.7864,0.1622,0.2793,0.1622,0.1622,0.1622,3.2304,0.3442,0.6928,0.9857,0.1622,0.1622
1530,2-myristoylglycerol (2-monomyristin),Lipid,Monoacylglycerol,34383,LC/MS Neg,100001408,6230,227.20163,27214-38-6,137938,121585,,,0.5414,0.6438,0.8146,0.8148,0.5421,1.0685,0.5932,0.5295,1.0259,0.4435,0.2748,0.2384
1539,2-oleoylglycerol (2-monoolein),Lipid,Monoacylglycerol,21232,LC/MS Pos,100000943,5821.7,374.32649,3443-84-3,5319879,4478086,,,1.0000,0.1473,1.4541,0.0700,0.5529,3.9092,0.0369,0.4802,1.0916,0.1996,0.4877,0.0369
1401,2-palmitoleoylglycerophosphocholine*,Lipid,Lysolipid,35819,LC/MS Pos,100001561,5490,494.32412,,,21403164,,,1.3662,0.0965,1.2810,0.8448,1.4243,1.1956,0.2687,0.7660,1.7878,0.3708,1.1670,0.2155
1534,2-palmitoylglycerol (2-monopalmitin),Lipid,Monoacylglycerol,33419,LC/MS Pos,100001048,5791,348.31084,23470-00-0,123409,110006,,HMDB11533,1.0029,0.2420,1.1636,0.1217,0.8267,3.6927,0.0214,0.3161,1.1639,1.0265,1.0874,0.0214
1399,2-palmitoylglycerophosphocholine*,Lipid,Lysolipid,35253,LC/MS Pos,100001562,5610,496.33977,,15061532,21403165,,,1.3502,0.1059,1.5404,0.5954,1.6601,1.3469,0.2028,0.8033,1.8566,0.6934,1.7249,0.2448
775,2-phosphoglycerate,Carbohydrate,"Glycolysis, Gluconeogenesis, and Pyruvate Metabolism",35629,LC/MS Polar,100000093,4346,184.98566,70195-25-4,59,13766841,C00631,HMDB03391,0.9451,0.6181,1.0899,2.0158,2.4585,0.2011,3.4771,2.9134,0.7699,1.0572,3.5827,1.5669
1405,2-stearoylglycerophosphocholine*,Lipid,Lysolipid,35255,LC/MS Pos,100001555,5777,524.37107,,10208382,8383879,,,1.8429,0.0913,2.6454,0.0913,0.9911,2.4594,0.0913,0.4276,3.0125,0.0913,1.9178,0.0913
1441,2-stearoylglycerophosphoethanolamine*,Lipid,Lysolipid,41220,LC/MS Neg,100003901,6350,480.30956,,,24769218,,,1.7857,1.6673,0.5717,0.6229,1.2132,0.4803,1.0180,0.5893,0.9754,0.8678,1.0532,0.8248
2513,3'-dephosphocoenzyme A,Cofactors and Vitamins,Pantothenate and CoA Metabolism,18289,LC/MS Neg,100000138,2013,686.1416,3633-59-8,444485,392407,C00882,HMDB01373,1.7935,0.6968,1.0000,1.4750,1.3878,1.9613,2.8006,1.1054,2.0139,2.5919,1.9240,0.5140
119,3-(4-hydroxyphenyl)lactate,Amino Acid,Phenylalanine and Tyrosine Metabolism,32197,LC/MS Neg,240,1379,181.05063,6482-98-0,9378,9010,C03672,HMDB00755,1.0009,0.7883,0.9417,0.6888,0.6809,0.8996,0.6163,0.4391,0.3077,0.4828,0.4045,0.4760
1589,3-hydroxy-3-methylglutarate,Lipid,Mevalonate Metabolism,531,LC/MS Polar,112,2700,161.04555,503-49-1,1662,4573695,C03761,HMDB00355,1.6867,1.2505,1.0421,1.2792,0.9222,1.0025,0.8496,0.3430,0.3821,0.5881,0.2605,0.3568
1217,3-hydroxybutyrate (BHBA),Lipid,Ketone Bodies,542,LC/MS Polar,254,1443.3,103.04007,625-72-9,441,428,C01089,HMDB00357,0.7476,1.6523,0.2041,0.2041,0.2041,0.2041,0.2041,0.2488,0.2041,0.2041,0.2041,0.2041
1229,3-hydroxydecanoate,Lipid,"Fatty Acid, Monohydroxy",22053,LC/MS Neg,100000997,4634.7,187.13396,5561-87-5,26612,24790,,HMDB02203,1.3592,1.4752,1.2143,1.7594,0.9919,1.5291,4.9442,0.6612,0.9232,2.4491,0.9790,0.9192
281,3-hydroxyisobutyrate,Amino Acid,"Leucine, Isoleucine and Valine Metabolism",1549,LC/MS Polar,111,1619.1,103.04007,2068-83-9,87,10140307,C06001,HMDB00336,0.8022,0.5483,1.1773,0.5135,0.5870,1.3326,0.5135,0.5135,0.5135,0.5135,0.5135,0.7129
1231,3-hydroxylaurate,Lipid,"Fatty Acid, Monohydroxy",32457,LC/MS Neg,100001112,5175,215.16526,53941-38-1,94216,85026,,HMDB00387,1.3892,1.6979,1.1524,2.1577,0.6676,1.9587,5.5601,0.5582,0.9832,2.5242,0.8225,0.8894
1233,3-hydroxymyristate,Lipid,"Fatty Acid, Monohydroxy",21158,LC/MS Neg,100000882,5335,243.19656,3422-31-9,16064,15252,,,1.1131,1.1032,0.8274,2.1365,1.2119,0.9148,3.7214,0.5808,0.9870,1.7404,0.7931,0.6598
1228,3-hydroxyoctanoate,Lipid,"Fatty Acid, Monohydroxy",22001,LC/MS Neg,100000773,3446,159.10266,88930-08-9,26613,24791,,HMDB01954,1.2883,1.8980,1.2605,1.7664,1.1103,1.5293,7.1326,0.9239,0.4473,2.1852,1.2906,0.8863
1234,3-hydroxypalmitate,Lipid,"Fatty Acid, Monohydroxy",27503,LC/MS Neg,100000983,5476,271.22786,928-17-6,301590,266538,,HMDB10734,1.8446,0.9317,0.8141,2.2767,1.4685,1.3104,2.6958,0.5908,0.8226,1.2483,0.9724,0.8677
278,3-methyl-2-oxobutyrate,Amino Acid,"Leucine, Isoleucine and Valine Metabolism",44526,LC/MS Polar,100000936,911,115.04006,3715-29-5,49,48,C00141,HMDB00019,2.3083,4.7107,0.7657,4.3854,1.5723,0.1781,3.2289,2.2622,0.1405,1.5294,0.2461,2.1046
266,3-methyl-2-oxovalerate,Amino Acid,"Leucine, Isoleucine and Valine Metabolism",15676,LC/MS Neg,100000036,2064.2,129.05572,1460-34-0;51829-07-3,47,46,C00671,HMDB03736,2.8916,2.9377,0.8429,5.0231,2.0547,0.3408,4.7036,1.8862,0.7144,2.1495,0.5682,1.8240
776,3-phosphoglycerate,Carbohydrate,"Glycolysis, Gluconeogenesis, and Pyruvate Metabolism",1414,LC/MS Neg,132,583,184.98566,80731-10-8,724,10669764,C00597,HMDB00807,0.8287,1.4095,0.6209,1.6223,1.6266,0.2693,3.2323,1.4729,1.6289,1.3826,2.4285,1.3105
364,4-acetamidobutanoate,Amino Acid,Polyamine Metabolism,1558,LC/MS Pos,1113,1721.3,146.08117,3025-96-5,18189,17180,C02946,HMDB03681,1.6724,0.0724,0.4807,0.4069,0.9833,0.6396,0.0724,0.0724,0.0724,1.7469,1.0167,0.0724
369,4-guanidinobutanoate,Amino Acid,Guanidino and Acetamido Metabolism,15681,LC/MS Pos,100000096,1150,146.09241,463-003;463-00-3,500,486,C01035,HMDB03464,1.1827,0.4490,0.5517,1.2730,1.1245,0.4593,0.7076,0.2450,0.5754,1.0788,0.2430,0.3808
1219,4-hydroxybutyrate (GHB),Lipid,"Fatty Acid, Monohydroxy",34585,LC/MS Polar,100001507,1765,103.04006,502-85-2,10413,9984,C00989,HMDB00710,1.1096,2.0429,1.0744,1.5194,1.2272,0.9433,0.4063,0.4483,0.4063,0.4063,0.5983,1.0801
118,4-hydroxyphenylpyruvate,Amino Acid,Phenylalanine and Tyrosine Metabolism,1669,LC/MS Neg,1141,1690.1,179.03498,156-39-8,979,954,C01179,HMDB00707,1.2255,1.0092,0.9498,2.5269,1.0685,0.5845,7.1846,0.8678,1.1021,2.7927,0.8761,1.4857
69,4-imidazoleacetate,Amino Acid,Histidine Metabolism,32349,LC/MS Pos,100001207,757,127.05021,645-65-8,96215,86856,C02835,HMDB02024,1.3332,0.8546,0.8241,1.5626,0.9891,0.7732,2.3038,0.5266,0.5589,1.5373,0.5720,0.6198
237,4-methyl-2-oxopentanoate,Amino Acid,"Leucine, Isoleucine and Valine Metabolism",22116,LC/MS Neg,100000551,2170,129.05571,816-66-0,70,69,C00233,HMDB00695,2.9161,2.6014,0.8053,4.4040,1.9628,0.3016,4.0021,2.1403,0.6123,2.2849,0.5219,2.0178
976,5-dodecenoate (12:1n7),Lipid,Medium Chain Fatty Acid,33968,LC/MS Neg,100001232,5224,197.1547,2430-94-6,5312378,4471803,,HMDB00529,0.9176,0.7531,0.7120,1.0240,0.8440,0.8238,2.6728,0.8625,0.8101,1.1611,0.9149,0.5967
2543,5-methyltetrahydrofolate (5MeTHF),Cofactors and Vitamins,Folate Metabolism,18330,LC/MS Neg,1244,1820,458.17935,68703-91-3;68792-52-9,146,143,C00440,HMDB01396,0.7899,0.8839,0.8004,0.5577,0.2512,1.8482,0.3956,0.6132,0.2349,0.4370,0.2345,0.5936
360,5-methylthioadenosine (MTA),Amino Acid,Polyamine Metabolism,1419,LC/MS Pos,212,2444.9,298.09684,2457-80-9,439176,388321,C00170,HMDB01173,2.1981,1.9420,0.9212,2.5090,1.7532,0.4339,4.0260,0.5486,0.8973,2.7480,1.2524,1.0437
2437,5-methyluridine (ribothymidine),Nucleotide,"Pyrimidine Metabolism, Uracil containing",35136,LC/MS Neg,100001446,1778.1,257.07791,1463-10-1,445408,393058,,HMDB00884,8.1563,3.6353,3.3136,7.8086,2.6707,1.8868,4.8740,1.2254,2.0630,6.2085,1.4729,0.7812
379,5-oxoproline,Amino Acid,Glutathione Metabolism,1494,LC/MS Neg,1021,738.5,128.03531,98-79-3,7405,7127,C01879,HMDB00267,2.0989,0.6949,1.2067,1.7745,1.7970,1.0850,1.2693,0.7426,0.8462,1.9325,0.9397,0.8284
789,5-phosphoribosyl diphosphate (PRPP),Carbohydrate,Pentose Phosphate Pathway,36840,LC/MS Neg,166,570,308.97822,108321-05-7,7339,1012,C00119,HMDB00280,1.2200,0.5191,1.9515,1.7266,1.8677,1.2698,3.4453,2.5415,4.4651,2.5734,2.6730,1.0060
785,6-phosphogluconate,Carbohydrate,Pentose Phosphate Pathway,15442,LC/MS Neg,100000341,583.9,275.01735,921-62-0;53411-70-4,91493,82615,C00345,HMDB01316,1.9913,1.0260,0.6485,2.0576,2.2035,0.2621,3.8947,0.7623,1.3710,2.7008,3.1184,1.8163
1642,7-hydroxycholesterol (alpha or beta),Lipid,Sterol,47890,LC/MS Pos,100005999,6164,367.33594,,,,,,0.7703,0.0524,1.9970,0.6709,0.8379,2.5122,0.3858,0.4840,7.1839,0.0524,1.6329,0.7023
2405,7-methylguanine,Nucleotide,"Purine Metabolism, Guanine containing",35114,LC/MS Neg,100001456,1729.7,164.05778,578-76-7,11361,10883,C02242,HMDB00897,0.8907,1.0050,0.6376,0.2508,0.5028,1.1975,0.2508,0.6651,0.2508,0.7932,0.5339,0.6507
1165,acetyl CoA,Lipid,Fatty Acid Metabolism,43840,LC/MS Neg,1830,1691,403.55561,102029-73-2,444493,392413,C00024,HMDB01206,0.4749,0.1291,1.6390,0.1291,0.6810,1.7099,0.1291,0.6410,0.4095,0.1291,0.1291,0.1291
1193,acetylcarnitine,Lipid,Fatty Acid Metabolism(Acyl Carnitine),32198,LC/MS Pos,100000802,1166.9,204.12304,5080-50-2,1,5406074,C02571,HMDB00201,1.4245,1.6794,0.6650,1.3851,0.9247,0.3460,2.7088,0.2416,0.3451,1.2927,0.4864,1.0070
964,acetylphosphate,Energy,Oxidative Phosphorylation,15488,LC/MS Polar,1211,4013.9,138.98018,94249-01-1,186,181,C00227,HMDB01494,1.2983,1.4895,0.5327,2.5883,1.5447,0.2248,5.0121,0.8767,1.5761,2.1457,2.1884,1.3242
2370,adenine,Nucleotide,"Purine Metabolism, Adenine containing",554,LC/MS Neg,880,1680,134.04722,73-24-5,190,185,C00147,HMDB00034,1.8227,2.5702,1.0852,2.1325,1.7275,0.4527,4.2403,0.4221,0.8522,2.9571,1.1773,1.1296
2369,adenosine,Nucleotide,"Purine Metabolism, Adenine containing",555,LC/MS Pos,798,1625.3,268.10404,58-61-7,60961,54923,C00212,HMDB00050,1.4352,0.7316,0.9924,1.5164,1.0102,0.8326,3.9908,0.9275,2.2282,2.9213,1.7559,1.1296
2364,adenosine 2'-monophosphate (2'-AMP),Nucleotide,"Purine Metabolism, Adenine containing",36815,LC/MS Neg,100001694,1497.7,346.0558,130-49-4,94136,,C00946,HMDB11617,0.9000,1.0462,0.6165,0.8859,0.9063,0.8572,1.6492,0.4548,0.7514,1.2409,1.6102,0.5721
2365,"adenosine 3',5'-cyclic monophosphate (cAMP)",Nucleotide,"Purine Metabolism, Adenine containing",2831,LC/MS Neg,207,1952.2,328.04524,60-92-4,6076,268,C00575,HMDB00058,1.3519,1.1245,0.8653,1.4870,0.9789,0.6096,3.5620,0.6496,1.0081,1.9807,1.2097,1.1367
2363,adenosine 3'-monophosphate (3'-AMP),Nucleotide,"Purine Metabolism, Adenine containing",35142,LC/MS Pos,100001449,1470,348.07036,84-21-9,41211,10463793,C01367,HMDB03540,1.0628,1.1364,0.8361,1.4108,2.0519,0.8462,1.4294,0.6356,0.7808,1.3813,2.3729,1.3380
2361,adenosine 5'-diphosphate (ADP),Nucleotide,"Purine Metabolism, Adenine containing",3108,LC/MS Neg,208,680,426.02214,20398-34-9,6022,5800,C00008,HMDB01341,1.5760,0.2831,2.0217,0.4383,1.6184,0.9816,0.3746,0.4427,0.7690,0.9191,0.8142,0.3440
2505,adenosine 5'-diphosphoribose (ADP-ribose),Cofactors and Vitamins,Nicotinate and Nicotinamide Metabolism,558,LC/MS Neg,215,920,558.06439,68414-18-6,192,3674071,C00301,HMDB01178,2.4456,1.4310,2.5189,2.0277,2.5513,0.0346,5.4590,3.4569,2.0975,3.6685,3.6543,1.9224
2362,adenosine 5'-monophosphate (AMP),Nucleotide,"Purine Metabolism, Adenine containing",32342,LC/MS Pos,209,1208,348.07037,149022-20-8,6083,10239183,C00020,HMDB00045,1.2505,1.5919,0.9818,1.7172,1.2293,0.5892,3.1441,0.6270,0.8697,1.3648,0.8394,1.3329
2368,adenylosuccinate,Nucleotide,"Purine Metabolism, Adenine containing",18360,LC/MS Neg,1303,560,230.52974,19046-78-7,195,190,C03794,HMDB00536,1.2587,0.5807,1.6994,1.0006,1.3071,1.8721,0.6484,1.0632,0.5022,1.0170,0.7032,0.9943
1026,adrenate (22:4n6),Lipid,Polyunsaturated Fatty Acid (n3 and n6),32980,LC/MS Neg,100001193,5678,331.26425,2091-25-0,5497181,4445971,C16527,HMDB02226,0.7677,0.1907,0.3259,5.3402,1.6611,0.4409,1.0000,2.4728,0.8874,0.5256,1.5650,2.7989
24,alanine,Amino Acid,Alanine and Aspartate Metabolism,1126,LC/MS Polar,811,2780.3,88.0404,56-41-7,5950,5735,C00041,HMDB00161,1.5153,0.8349,0.7280,1.2641,0.8813,0.9675,1.2185,1.0183,0.7103,1.4494,0.7670,0.8465
417,alanylleucine,Peptide,Dipeptide,37093,LC/MS Pos,100001890,2165,203.13902,1638-60-4,259583,227831,,,1.7656,0.4463,1.1516,1.7392,0.9364,1.0846,1.1784,1.0403,0.5048,1.5103,0.6783,0.6725
264,allo-isoleucine,Amino Acid,"Leucine, Isoleucine and Valine Metabolism",46552,GC/MS,100005840,1325,158.1,,6950182;99288,89698,,,0.5087,0.5087,0.5087,0.5087,0.5087,0.5087,0.5087,0.5087,0.5087,0.5087,0.5087,0.5087
16,allo-threonine,Amino Acid,"Glycine, Serine and Threonine Metabolism",15142,LC/MS Polar,100000272,2511.1,118.05096,28954-12-3,99289,89699,C05519,HMDB04041,0.0623,0.0623,0.3757,0.0623,0.4968,0.9915,0.0623,0.4942,0.0623,0.0623,0.0623,0.0623
282,alpha-hydroxyisocaproate,Amino Acid,"Leucine, Isoleucine and Valine Metabolism",22132,LC/MS Neg,100000706,1840,131.07136,10303-64-7,83697,75520,C03264,HMDB00746,2.5029,1.0614,0.6328,1.8725,1.4019,1.1001,1.3477,1.0013,0.2367,0.8323,0.4224,0.5088
949,alpha-ketoglutarate,Energy,TCA Cycle,528,LC/MS Polar,93,2700,145.01425,305-72-6;328-50-7;22202-68-2,51,50,C00026,HMDB00208,2.3139,1.2684,1.3877,1.4416,2.2143,0.4054,2.1666,0.6609,0.5241,0.9275,0.7901,0.9511
2524,alpha-tocopherol,Cofactors and Vitamins,Tocopherol Metabolism,1561,GC/MS,1105,2305.4,502.5,59-02-9;10191-41-0,14985,14265,C02477,HMDB01893,0.5347,0.5206,0.5206,0.5206,2.0297,0.7329,0.5206,0.5206,0.5206,0.5206,0.5206,0.5839
805,arabinose,Carbohydrate,Pentose Metabolism,575,GC/MS,828,1631.6,217,28697-53-2,66308,59687,C00216,HMDB00646,0.6794,0.6184,1.1613,0.2630,0.6337,0.9908,0.2630,0.5823,1.2083,0.2630,0.2630,1.0111
810,arabitol,Carbohydrate,Pentose Metabolism,38075,GC/MS,100000012,1687.5,307.1,7643-75-6,94154,84971,C01904,HMDB01851,1.4561,0.3449,0.6810,0.9761,0.9647,1.2484,4.3863,0.8981,1.2190,1.6001,0.9610,1.0524
997,arachidate (20:0),Lipid,Long Chain Fatty Acid,1118,LC/MS Neg,893,6295,311.29555,506-30-9,10467,10035,C06425,HMDB02212,1.6004,1.4317,0.7096,1.4843,1.1491,0.5124,2.9355,0.4551,0.8189,1.7493,0.9110,0.7413
1025,arachidonate (20:4n6),Lipid,Polyunsaturated Fatty Acid (n3 and n6),1110,LC/MS Neg,229,5535,303.23295,506-32-1,444899,392692,C00219,HMDB01043,0.9631,0.7643,0.5003,0.8238,0.9270,0.3810,1.6756,0.7965,0.8685,0.9221,1.0800,0.9994
319,arginine,Amino Acid,Urea cycle; Arginine and Proline Metabolism,1638,LC/MS Pos,231,700,175.11896,1119-34-2,232,227,C00062,HMDB00517,0.9450,0.8163,0.7375,1.3909,0.6026,0.6002,1.5505,0.5727,1.8565,2.3311,0.6560,0.7461
324,argininosuccinate,Amino Acid,Urea cycle; Arginine and Proline Metabolism,15497,LC/MS Neg,232,638.1,289.11536,156637-58-0,16950;828,805,C03406,HMDB00052,0.6480,0.1512,0.6845,1.2182,0.5313,1.2469,0.1512,1.0154,1.1459,0.1512,0.1783,0.2662
29,asparagine,Amino Acid,Alanine and Aspartate Metabolism,512,LC/MS Pos,917,679,133.06077,70-47-3,6267,6031,C00152,HMDB00168,1.2029,0.4815,0.7098,1.5342,0.8081,0.5274,1.6659,0.5898,1.9991,2.2978,0.9535,0.8007
27,aspartate,Amino Acid,Alanine and Aspartate Metabolism,443,LC/MS Polar,234,3500,132.03023,56-84-8,5960,5745,C00049,HMDB00191,1.5810,0.7487,0.7348,1.3639,1.2450,0.5038,2.6156,1.0051,1.4442,1.9826,1.6355,1.5584
1003,behenate (22:0),Lipid,Long Chain Fatty Acid,12125,GC/MS,314,2143,397.4,112-85-6,8215,7923,C08281,HMDB00944,0.9790,1.7996,1.0134,2.6743,0.9988,0.7757,0.3788,0.6356,0.7651,1.4119,0.6279,0.9758
2599,benzoate,Xenobiotics,Benzoate Metabolism,15778,LC/MS Neg,100000008,1750,121.0295,65-85-0,243,238,C00180,HMDB01870,1.0303,1.2930,1.1899,1.6610,1.3821,0.3880,2.9553,0.5014,1.0534,2.3953,0.7199,1.2545
2451,beta-alanine,Nucleotide,"Pyrimidine Metabolism, Uracil containing",55,GC/MS,244,1451.8,174,56-41-7;107-95-9,239,234,C00099,HMDB00056,1.9434,1.8719,1.5403,2.6392,1.3067,1.0311,1.9472,0.4095,0.8026,0.4095,0.4575,0.7916
245,beta-hydroxyisovalerate,Amino Acid,"Leucine, Isoleucine and Valine Metabolism",12129,LC/MS Neg,1442,1027,117.05572,625-08-1,69362,62571,,HMDB00754,0.9931,0.0944,0.7472,0.9598,1.3143,1.4121,0.0944,1.0815,0.5415,0.2461,0.8447,0.6681
6,betaine,Amino Acid,"Glycine, Serine and Threonine Metabolism",3141,LC/MS Pos,799,734,118.08626,107-43-7,247,"24,219,951,173",C00719,HMDB00043,1.0029,1.5437,0.9179,1.2190,1.1266,0.5546,1.8740,0.4294,1.0891,1.3364,0.8610,0.9340
2544,biopterin,Cofactors and Vitamins,Tetrahydrobiopterin Metabolism,12358,LC/MS Pos,1548,1562.7,238.09347,22150-76-1,445040,392795,C06313,HMDB00468,1.8731,1.2859,1.0460,2.3624,1.7178,0.2882,4.5411,0.9892,1.3364,3.2244,1.3880,1.6648
1176,butyrylcarnitine,Lipid,Fatty Acid Metabolism (also BCAA Metabolism),32412,LC/MS Pos,100001054,1977,232.15434,25576-40-3,439829,184820,C02862,HMDB02013,2.7138,4.3747,0.9964,3.8880,2.2161,0.2779,6.4299,0.3783,0.4271,2.3284,1.0036,1.8829
231,C-glycosyltryptophan,Amino Acid,Tryptophan Metabolism,48782,LC/MS Pos,100006379,1907,367.14998,180509-18-6,10981970,9157171,,,0.4722,0.6306,0.5678,0.1175,0.5685,0.3880,1.2910,0.5007,0.6646,0.6116,0.6843,0.9481
89,cadaverine,Amino Acid,Lysine Metabolism,15308,LC/MS Pos,100000110,593.9,103.12298,462-94-2;1476-39-7,273,13866593,C01672,HMDB02322,1.5272,0.5921,0.2065,4.8388,4.1803,1.1868,3.1193,1.2096,0.8509,1.7281,1.2771,0.4951
972,caprate (10:0),Lipid,Medium Chain Fatty Acid,1642,LC/MS Neg,888,5090.7,171.13905,112-37-8,2969,2863,C01571,HMDB00511,1.4702,1.5467,1.1832,1.4286,1.1822,0.6286,4.0054,0.6354,1.0417,1.9162,0.9600,0.8317
968,caproate (6:0),Lipid,Medium Chain Fatty Acid,32489,LC/MS Neg,926,2713.7,115.07645,142-62-1,8892,8552,C01585,HMDB00535,1.3213,0.4950,0.9130,1.7378,1.0819,0.5794,5.5990,0.6331,1.0581,2.1017,0.9250,1.1760
970,caprylate (8:0),Lipid,Medium Chain Fatty Acid,32492,LC/MS Neg,932,4362,143.10775,124-07-2,379,370,C06423,HMDB00482,1.1857,1.3364,0.9979,1.9318,1.2540,0.5361,5.3345,0.7910,0.9919,1.9067,1.0021,0.9213
1212,carnitine,Lipid,Carnitine Metabolism,15500,LC/MS Pos,100000007,688.9,162.11247,461-05-2,10917,10455,C00318,HMDB00062,1.2422,1.2559,1.0624,1.3781,1.1054,0.5873,2.5584,0.7849,1.3518,1.3668,0.9748,0.9510
1601,cholesterol,Lipid,Sterol,63,GC/MS,266,2316.9,329.3,57-88-5,11025495,4937803,C00187,HMDB00067,0.8865,0.9191,0.8341,0.9640,0.8918,0.7293,1.7474,0.6738,1.0072,0.9870,0.7679,0.8275
1381,choline,Lipid,Phospholipid Metabolism,15506,LC/MS Pos,1256,675,104.10699,67-48-1,305,149278,C00114,HMDB00097,0.9889,1.2515,0.6344,1.4877,0.8231,0.3529,2.9743,0.5201,1.1637,2.1010,0.8961,1.0537
1382,choline phosphate,Lipid,Phospholipid Metabolism,34396,LC/MS Pos,267,692.5,184.07332,72556-74-2,1014,119298,C00588,HMDB01565,1.5837,1.1783,0.9722,2.4480,1.1799,0.4638,5.7167,0.7235,2.0139,3.5211,1.3304,1.1905
990,cis-vaccenate (18:1n7),Lipid,Long Chain Fatty Acid,33970,GC/MS,100001228,1987,339.3,506-17-2,5282761,4445888,C08367,HMDB03231,0.7649,1.0043,0.8550,1.4604,0.9615,0.5783,3.2957,0.7878,0.7729,1.6331,0.9990,1.0752
944,citrate,Energy,TCA Cycle,1564,LC/MS Neg,1124,582,191.01973,77-92-9,311,305,C00158,HMDB00094,0.6955,0.8464,1.1144,1.1786,1.1661,0.3404,2.3840,0.4611,0.2898,1.0056,0.4745,1.5961
323,citrulline,Amino Acid,Urea cycle; Arginine and Proline Metabolism,2132,LC/MS Polar,391,3250.1,174.08841,372-75-8,9750,810,C00327,HMDB00904,0.1860,0.1860,0.5306,0.1860,0.1860,1.8188,0.1860,0.1860,0.1860,0.1860,0.1860,0.1860
2514,coenzyme A,Cofactors and Vitamins,Pantothenate and CoA Metabolism,46322,LC/MS Neg,270,1448,382.55033,85-61-0;18439-24-2,317,311,C00010,HMDB01423,1.1607,0.7646,0.9400,1.8289,0.9745,0.7684,1.5901,0.8987,1.0475,0.7585,0.5594,0.5964
347,creatine,Amino Acid,Creatine Metabolism,27718,LC/MS Pos,1221,771,132.07676,57-00-1,586,566,C00300,HMDB00064,1.1009,1.2645,0.7984,1.3748,0.9801,0.3403,2.8337,0.4021,0.8968,1.4978,0.8631,0.9072
297,cystathionine,Amino Acid,"Methionine, Cysteine, SAM and Taurine Metabolism",15705,LC/MS Pos,310,674.7,223.07471,535-34-2,439258,811,C02291,HMDB00099,1.0304,0.0779,1.4250,0.8342,0.7718,1.1557,0.5640,0.7256,5.3080,3.4112,0.8128,0.8354
302,cysteine,Amino Acid,"Methionine, Cysteine, SAM and Taurine Metabolism",1868,LC/MS Pos,800,736.4,122.02703,52-90-4;56-89-3,5862,5653,C00097,HMDB00574,1.2420,1.1507,0.9498,1.3164,0.8149,0.7625,0.8681,0.4870,0.7778,0.6741,0.5255,0.4909
374,cysteine-glutathione disulfide,Amino Acid,Glutathione Metabolism,35159,LC/MS Pos,100001437,824,214.05123,13081-14-6,4247235,3455404,,HMDB00656,0.9837,1.0150,0.5501,1.3651,1.1154,0.6455,1.0907,0.1823,0.5837,0.8412,0.6828,0.3709
377,cysteinylglycine,Amino Acid,Glutathione Metabolism,35637,LC/MS Pos,278,790,179.0485,19246-18-5,439498,58762,C01419,HMDB00078,1.8087,1.1149,1.3948,2.2293,1.3281,0.7742,2.4858,0.8227,0.8292,1.5906,0.9035,1.1601
2459,cytidine,Nucleotide,"Pyrimidine Metabolism, Cytidine containing",514,LC/MS Pos,827,1075.9,244.0928,65-46-3,6175,5940,C00475,HMDB00089,0.8854,0.7335,0.3305,0.9057,0.7627,0.2991,1.3433,0.6381,1.0737,0.8369,0.8723,0.7818
1383,cytidine 5'-diphosphocholine,Lipid,Phospholipid Metabolism,34418,LC/MS Polar,1220,4200,533.10553,33818-15-4,13804,21531769,C00307,HMDB01413,1.4539,1.0362,0.6918,0.7954,0.4493,0.6673,1.7678,0.4322,0.5107,2.2594,0.2160,0.3888
2456,cytidine 5'-monophosphate (5'-CMP),Nucleotide,"Pyrimidine Metabolism, Cytidine containing",2372,LC/MS Pos,282,890,324.05914,63-37-6,6131,5414497,C00055,HMDB00095,1.4676,1.6237,0.9674,1.8063,1.2055,0.5275,2.8454,0.7930,0.8370,1.1067,0.8333,1.3878
2455,cytidine diphosphate,Nucleotide,"Pyrimidine Metabolism, Cytidine containing",2841,LC/MS Neg,280,580,402.01091,34393-59-4,6132,5902,C00112,HMDB01546,0.6137,0.0551,2.1247,0.6377,0.8283,0.5341,0.0551,0.1878,0.8813,0.0551,0.0551,0.0551
2457,cytidine-3'-monophosphate (3'-CMP),Nucleotide,"Pyrimidine Metabolism, Cytidine containing",2959,LC/MS Pos,105,1203,324.05914,84-52-6,66535,225079,C05822,,1.6688,2.1608,0.6971,0.6386,1.3473,1.0000,1.1092,0.2042,2.5454,1.2597,2.7043,0.1892
1389,cytidine-5'-diphosphoethanolamine,Lipid,Phospholipid Metabolism,34410,LC/MS Pos,100001407,761.8,447.06766,72842-05-8,123727,287,C00570,HMDB01564,0.5277,0.3355,0.4223,0.3410,0.4088,0.2890,0.7830,0.4165,0.6665,0.7162,0.6391,0.5478
1211,deoxycarnitine,Lipid,Carnitine Metabolism,36747,LC/MS Pos,100001662,742.4,146.11756,6249-56-5,134,705,C01181,HMDB01161,0.9052,1.3467,0.9633,0.9035,1.0461,0.5846,0.8387,0.2777,0.5144,0.5889,0.5044,0.5552
1776,deoxycholate,Lipid,Secondary Bile Acid Metabolism,1114,LC/MS Neg,302,5294,391.28538,83-44-3,222528,389318,C04483,HMDB00626,0.0304,0.0304,1.0972,0.0304,0.0304,1.0000,0.0304,0.0304,0.0304,0.0304,2.4695,0.0304
1600,desmosterol,Lipid,Sterol,6065,GC/MS,306,2329.1,129.1,313-04-2,439577,388662,C01802,HMDB02719,0.6818,0.5047,0.5933,0.3423,0.7505,1.0171,0.3423,0.7778,0.3423,0.3423,0.7447,0.9454
1029,dihomo-linoleate (20:2n6),Lipid,Polyunsaturated Fatty Acid (n3 and n6),17805,LC/MS Neg,1231,5730,307.26425,2091-39-6,6439848,4944228,C16525,HMDB05060,1.1243,0.7728,0.4860,1.2129,0.7899,0.4904,2.5105,0.8081,0.8492,0.9899,0.9543,1.0984
1024,dihomo-linolenate (20:3n3 or n6),Lipid,Polyunsaturated Fatty Acid (n3 and n6),35718,LC/MS Neg,100001739,5596,305.2486,17046-59-2,5280581,4471954,C03242,HMDB02925,0.8925,0.7057,0.4843,0.7364,0.7506,0.4141,1.7851,1.0206,0.8732,0.8168,1.1926,1.0813
330,dimethylarginine (SDMA + ADMA),Amino Acid,Urea cycle; Arginine and Proline Metabolism,36808,LC/MS Pos,100001810,810,203.15026,102783-24-4,123831,110375,C03626,HMDB01539,0.8376,1.1617,0.6561,0.8184,0.6989,0.7734,0.9851,0.4093,0.7577,0.7591,0.6148,0.6273
1028,docosadienoate (22:2n6),Lipid,Polyunsaturated Fatty Acid (n3 and n6),32415,LC/MS Neg,100001182,6034,335.29555,7370-49-2,5282807,4445934,C16533,,1.1963,0.6015,0.4234,1.3026,0.9879,0.4652,2.0726,0.5341,0.5250,1.0520,0.6368,0.6945
1016,docosahexaenoate (DHA; 22:6n3),Lipid,Polyunsaturated Fatty Acid (n3 and n6),44675,LC/MS Neg,100000665,5525,327.23295,6217-54-5,445580,393183,C06429,HMDB02183,1.0398,0.6774,0.5102,1.0681,1.0440,0.3582,1.5677,0.5482,0.7461,1.0122,0.8330,0.7079
1015,docosapentaenoate (n3 DPA; 22:5n3),Lipid,Polyunsaturated Fatty Acid (n3 and n6),32504,LC/MS Neg,100001181,5571,329.2486,2234-74-4,6441454,,C16513,"HMDB01976,HMDB06528",0.6215,0.6546,0.2817,1.0006,0.5127,0.1373,3.3338,0.8169,1.0571,1.2512,1.1540,1.0744
1017,docosatrienoate (22:3n3),Lipid,Polyunsaturated Fatty Acid (n3 and n6),32417,LC/MS Neg,100001195,5823,333.2799,59708-86-0,5312556,4471981,C16534,HMDB02823,1.3670,0.8089,0.2447,1.0737,0.8572,0.4094,3.0372,1.2028,0.2447,0.7215,0.8457,0.8502
1014,eicosapentaenoate (EPA; 20:5n3),Lipid,Polyunsaturated Fatty Acid (n3 and n6),18467,LC/MS Neg,2050,5450,301.2173,10-2005-9;10417-94-4,446284,393682,C06428,HMDB01999,0.7356,0.7588,0.4191,0.6472,0.8217,0.2172,1.5036,0.6255,1.0356,0.9997,1.0003,0.9577
1000,eicosenoate (20:1n9 or 11),Lipid,Long Chain Fatty Acid,33587,LC/MS Neg,100001335,5950,309.2799,,5282768,4445895,,HMDB02231,1.1301,0.8128,0.5154,1.0301,0.9226,0.6149,1.6780,0.4915,0.5299,0.8190,0.5443,0.5308
1004,erucate (22:1n9),Lipid,Long Chain Fatty Acid,1552,LC/MS Neg,1087,6355.6,337.3112,112-86-7,5281116,7924,C08316,HMDB02068,1.5478,0.7784,0.5600,0.8491,1.0144,0.9320,1.1602,0.4241,0.5025,0.9682,0.8539,0.4844
937,erythronate*,Carbohydrate,Aminosugar Metabolism,42420,LC/MS Polar,100001320,2186,135.02989,88759-55-1,2781043,2061231,,HMDB00613,1.5915,0.7440,0.8451,1.2702,1.3645,0.8433,1.5512,0.5954,0.5258,1.1259,0.6981,0.6407
1387,ethanolamine,Lipid,Phospholipid Metabolism,1497,GC/MS,420,1304,174.1,141-43-5,700,13835336,C00189,HMDB00149,0.4345,0.6246,0.7288,0.4018,0.6370,0.3848,1.0675,0.4428,0.5095,0.4557,1.0685,1.0060
274,ethylmalonate,Amino Acid,"Leucine, Isoleucine and Valine Metabolism",15765,LC/MS Polar,2054,2785,131.03498,601-75-2,11756,11263,,HMDB00622,1.4019,0.7017,1.0116,1.1599,1.3925,1.0562,1.5041,0.7851,0.7431,1.0160,1.0802,1.0055
2508,flavin adenine dinucleotide (FAD),Cofactors and Vitamins,Riboflavin Metabolism,2134,LC/MS Neg,327,2425,784.14985,146-14-5;84366-81-4,643975,559059,C00016,HMDB01248,1.1088,0.8572,0.8233,0.9753,1.0249,0.7398,1.9843,0.7844,0.9925,1.2743,1.2021,0.9246
2509,flavin mononucleotide (FMN),Cofactors and Vitamins,Riboflavin Metabolism,15797,LC/MS Neg,100000251,2390,455.09733,130-40-5,710,690,C00061,HMDB01520,1.0856,0.9909,0.7858,0.4203,1.0823,0.9712,0.3429,0.7853,0.7852,0.4463,1.0920,1.0091
60,formiminoglutamate,Amino Acid,Histidine Metabolism,43493,LC/MS Pos,100002500,781,175.07134,816-90-0,439233,388370,C00439,,1.0000,1.0000,1.0000,1.0000,1.0000,1.0000,1.0000,1.0000,1.0000,1.0000,1.0000,1.0000
866,fructose,Carbohydrate,"Fructose, Mannose and Galactose Metabolism",48195,LC/MS Polar,878,2022.2,225.06159,57-48-7,5984,5764,C00095,HMDB00660,1.5067,1.6975,0.2863,0.3562,1.1602,0.9441,0.7387,0.2012,0.5040,1.5066,1.4542,0.8952
766,fructose-6-phosphate,Carbohydrate,"Glycolysis, Gluconeogenesis, and Pyruvate Metabolism",12021,LC/MS Polar,1232,4261.4,259.02244,103213-47-4,69507,19969987,C05345,HMDB00124,1.6769,1.1172,0.6892,1.7840,0.9443,0.8229,3.4637,0.3819,0.3043,0.7794,1.0978,1.0947
953,fumarate,Energy,TCA Cycle,1643,LC/MS Polar,330,3084,115.00368,100-17-8,444972,10197150,C00122,HMDB00134,1.3622,0.8249,0.9950,1.0981,1.2190,1.1955,1.1843,0.7921,1.0213,0.9077,1.0249,0.8309
890,galactonate,Carbohydrate,"Fructose, Mannose and Galactose Metabolism",27719,LC/MS Polar,100001026,3085,195.05102,299-28-5,128869,114198,C00880,HMDB00565,2.7338,0.0900,0.5644,1.8201,0.0900,0.0900,0.2494,0.0900,0.4969,0.0900,0.8366,0.0900
883,galactose 1-phosphate,Carbohydrate,"Fructose, Mannose and Galactose Metabolism",15706,LC/MS Polar,100000300,4552,259.02244,19046-60-7,123912,,C00446,HMDB00645,1.8312,1.8586,0.5981,1.7470,1.3734,1.0012,3.6055,1.1115,1.0196,2.0044,1.3347,0.1709
41,gamma-aminobutyrate (GABA),Amino Acid,Glutamate Metabolism,1416,LC/MS Pos,141,699,104.07061,56-12-2,119,116,C00334,HMDB00112,1.1161,1.2101,0.6339,1.3140,0.7596,1.0389,0.7182,0.6639,0.8131,0.8992,1.1481,1.4087
387,gamma-glutamylalanine,Peptide,Gamma-glutamyl Amino Acid,37063,LC/MS Pos,100001843,1116,219.09755,5875-41-2,440103,389104,,HMDB29142,0.5416,0.2411,1.0188,0.4449,0.4147,1.5867,0.0726,0.3669,0.0726,0.0726,0.0726,0.2088
388,gamma-glutamylcysteine,Peptide,Gamma-glutamyl Amino Acid,1778,LC/MS Pos,1036,1263.5,251.06963,636-58-8,842,819,C00669,HMDB01049,1.7180,0.8274,0.6809,1.7962,0.7344,0.3800,1.8972,0.0695,0.0695,0.7137,0.2028,0.0695
389,gamma-glutamylglutamate,Peptide,Gamma-glutamyl Amino Acid,36738,LC/MS Pos,331,1045,277.10303,1116-22-9,92865,83831,C05282,HMDB11737,1.0073,1.2657,1.3512,1.0579,1.5310,0.4482,1.4008,0.3723,1.2099,0.7138,0.8026,1.0496
390,gamma-glutamylglutamine,Peptide,Gamma-glutamyl Amino Acid,2730,LC/MS Pos,1140,817.9,276.11902,10148-81-9,150914,133013,C05283,HMDB11738,2.2826,1.7067,1.8120,2.5046,2.3700,0.8602,1.5684,0.4109,0.5813,0.8661,0.9157,0.9446
393,gamma-glutamylisoleucine*,Peptide,Gamma-glutamyl Amino Acid,34456,LC/MS Pos,100001485,2661,261.1445,,14253342,21403145,,HMDB11170,3.4475,0.9060,1.5481,1.8985,2.0987,1.1165,0.5012,1.7216,1.0864,0.8891,0.9760,1.1901
394,gamma-glutamylleucine,Peptide,Gamma-glutamyl Amino Acid,18369,LC/MS Pos,1268,2757.2,261.1445,2566-39-4,151023,133115,,HMDB11171,2.4142,0.9649,1.1959,1.9901,1.5493,0.9816,1.7061,1.2048,0.8929,1.3471,0.9166,1.0270
395,gamma-glutamyllysine,Peptide,Gamma-glutamyl Amino Acid,33934,LC/MS Pos,100001262,760,276.1554,17105-15-6,65254;14284565,58747,,HMDB03869,0.1874,0.1874,0.2525,0.1874,0.1874,0.8316,0.1874,0.5561,0.5330,0.1874,0.8529,1.3476
396,gamma-glutamylmethionine,Peptide,Gamma-glutamyl Amino Acid,44872,LC/MS Pos,100001313,2016.5,279.10092,17663-87-5,7009567,5373147,,HMDB29155,2.9484,1.1055,2.1023,1.6028,2.7983,1.2286,0.2588,0.7268,0.2588,0.2588,0.2588,0.2588
397,gamma-glutamylphenylalanine,Peptide,Gamma-glutamyl Amino Acid,33422,LC/MS Pos,100000491,2865,295.12885,7432-24-8,111299,99868,,HMDB00594,1.0137,0.2950,0.9863,0.6356,0.5818,1.0918,0.1158,0.5398,0.2772,0.3513,0.2161,0.4859
398,gamma-glutamylthreonine*,Peptide,Gamma-glutamyl Amino Acid,33364,LC/MS Pos,100001314,996.6,249.10812,5652-48-2,,21403107,,HMDB29159,1.6218,1.0156,1.1171,1.7083,1.2045,1.3771,2.4872,2.3722,1.5351,1.4013,1.4767,1.6929
400,gamma-glutamyltyrosine,Peptide,Gamma-glutamyl Amino Acid,2734,LC/MS Neg,1102,1240,309.10921,7432-23-7,94340,85142,,HMDB11741,0.7104,0.0761,0.8088,0.0761,0.5548,0.8693,0.0761,0.3501,0.0761,0.0761,0.0761,0.0761
401,gamma-glutamylvaline,Peptide,Gamma-glutamyl Amino Acid,43829,LC/MS Pos,100001126,2045,247.12885,2746-34-1,7015683,,,HMDB11172,3.5138,0.8638,2.7504,0.3507,1.9258,2.1750,0.1012,3.0275,1.7829,0.1012,1.3105,1.5081
2788,gluconate,Xenobiotics,Food Component/Plant,587,LC/MS Polar,338,2922,195.05102,527-07-1,10690,10240,C00257,HMDB00625,3.1926,1.2892,1.0882,2.0309,3.1970,15.5787,1.9473,2.8713,0.8870,1.3969,1.0470,1.0125
910,glucosamine-6-phosphate,Carbohydrate,Aminosugar Metabolism,580,LC/MS Polar,290,4521.5,258.03843,3616-42-0,439217,8013767,C00352,HMDB01254,1.6349,1.5808,0.5945,2.1562,1.0355,0.2791,5.2978,0.3268,0.3897,1.5132,1.2639,1.6544
762,glucose,Carbohydrate,"Glycolysis, Gluconeogenesis, and Pyruvate Metabolism",20488,LC/MS Polar,572,2342,179.05611,50-99-7,79025,71358,C00031,HMDB00122,1.4905,4.0019,0.2918,3.4959,0.6511,0.4974,7.1729,1.1273,0.8638,6.2240,1.3252,2.1812
764,glucose 1-phosphate,Carbohydrate,"Glycolysis, Gluconeogenesis, and Pyruvate Metabolism",33755,GC/MS,1233,1853,217.1,56401-20-8,65533,58977,C00103,HMDB01586,1.6100,1.0300,1.1372,1.7276,0.7240,1.8281,2.9313,0.4991,0.4624,0.7608,0.6593,0.8337
763,glucose-6-phosphate (G6P),Carbohydrate,"Glycolysis, Gluconeogenesis, and Pyruvate Metabolism",31260,LC/MS Polar,291,4537,259.02244,103192-55-8,5958,19952394,C00668,HMDB01401,1.9104,1.3676,0.7458,2.1382,1.0932,0.2183,4.5940,0.4657,0.3042,1.3051,1.3399,1.9045
914,glucuronate,Carbohydrate,Aminosugar Metabolism,15443,LC/MS Polar,100000257,3233.3,193.03537,207300-70-7,444791,58552,C00191,HMDB00127,1.8679,1.1846,1.1654,1.6480,1.3257,1.0376,2.3445,0.8167,0.8846,1.5948,0.9533,0.8461
36,glutamate,Amino Acid,Glutamate Metabolism,57,LC/MS Pos,561,710,148.06044,56-86-0,611,591,C00025,HMDB00148,1.2697,1.4508,1.1455,1.5774,1.0783,0.7326,2.9849,0.5787,1.1252,1.4290,0.7563,0.8853
46,"glutamate, gamma-methyl ester",Amino Acid,Glutamate Metabolism,33487,LC/MS Pos,100001103,1068.8,162.07609,1499-55-4,68662,66546,,,3.7783,1.0013,1.7385,1.9614,2.1617,1.3145,1.4128,0.7683,0.5464,1.2690,0.9830,0.6261
37,glutamine,Amino Acid,Glutamate Metabolism,53,LC/MS Pos,563,680,147.07642,56-85-9,5961,5746,C00064,HMDB00641,2.0077,1.2519,1.2352,2.6725,1.7527,0.5180,4.9415,0.5820,2.2155,3.1931,2.0346,1.2968
486,glutamine-leucine,Peptide,Dipeptide,42994,LC/MS Pos,100003160,2195,260.16049,,,16568303,,,1.7175,0.4542,0.8566,1.6168,1.0000,0.9846,1.4584,1.2838,0.5413,1.3761,0.8834,0.2851
80,glutarate (pentanedioate),Amino Acid,Lysine Metabolism,396,LC/MS Polar,339,2900,131.03498,110-94-1,743,3618533,C00489,HMDB00661,1.3029,1.7696,0.8721,1.1045,1.1268,0.8014,2.3316,0.5779,0.7167,1.4967,0.9331,0.6411
372,"glutathione, oxidized (GSSG)",Amino Acid,Glutathione Metabolism,38783,LC/MS Pos,448,1512,307.08326,103239-24-3,65359,58835,C00127,HMDB03337,1.2618,1.2826,0.8378,1.9667,1.2546,0.5600,4.2098,0.5963,1.2967,2.0931,1.1909,1.2654
371,"glutathione, reduced (GSH)",Amino Acid,Glutathione Metabolism,2127,LC/MS Pos,496,1270,308.09109,70-18-8,124886,111188,C00051,HMDB00125,1.8148,1.3947,1.2201,1.9007,1.4271,0.7793,3.5476,0.8096,1.1733,2.1507,1.2274,1.2860
782,glycerate,Carbohydrate,"Glycolysis, Gluconeogenesis, and Pyruvate Metabolism",1572,LC/MS Polar,1052,2070.4,105.01933,600-19-1,752,732,C00258,HMDB00139,1.5289,0.7530,0.9724,1.0375,1.5819,0.7064,1.5226,1.0983,1.5599,1.1537,1.7355,0.6802
1522,glycerol,Lipid,Glycerolipid Metabolism,15122,LC/MS Neg,1254,758,91.04007,56-81-5,753,733,C00116,HMDB00131,1.2734,1.2813,0.6695,1.2323,0.7273,0.6765,2.4513,0.9690,1.0097,1.6008,0.6519,0.7967
1523,glycerol 3-phosphate (G3P),Lipid,Glycerolipid Metabolism,15365,GC/MS,100000258,1719.7,357.1,29849-82-9,754,734,C00093,HMDB00126,0.5640,0.6923,0.6239,0.5197,0.5837,0.5461,1.1004,0.4255,0.5624,0.7323,0.5852,0.6957
1390,glycerophosphoethanolamine,Lipid,Phospholipid Metabolism,37455,LC/MS Polar,100001620,3075,214.04859,33049-08-0,123874,110410,C01233,HMDB00114,0.9047,1.0967,0.8638,0.8604,0.9264,0.5692,1.3702,0.4727,0.6633,0.8569,0.6654,0.7280
1528,glycerophosphoglycerol,Lipid,Glycerolipid Metabolism,48857,LC/MS Polar,100001619,2430,245.04317,,439964,388990,C03274,,1.2778,1.2077,1.1905,0.9815,1.5175,1.1868,1.1696,0.4792,0.6670,0.9111,0.7611,0.5570
1392,glycerophosphoinositol*,Lipid,Phospholipid Metabolism,47155,LC/MS Polar,100001621,3850,333.05922,16824-65-0,,,,,0.8468,0.8254,0.7427,0.5598,0.9323,0.7489,1.1456,0.5662,0.7720,1.0504,0.9505,0.7820
1384,glycerophosphorylcholine (GPC),Lipid,Phospholipid Metabolism,15990,LC/MS Pos,100000269,709.9,258.1101,28319-77-9,71920,571409,C00670,HMDB00086,1.0733,1.0345,0.6893,1.6846,0.8467,0.4182,3.7590,0.4247,0.9097,1.9645,0.8772,0.6373
1,glycine,Amino Acid,"Glycine, Serine and Threonine Metabolism",11777,GC/MS,340,1166,101.9,56-40-6,750,730,C00037,HMDB00123,1.0852,0.8281,0.7285,0.8550,0.9884,0.5744,0.9640,0.5069,0.8149,0.5616,0.4331,0.7123
498,glycylisoleucine,Peptide,Dipeptide,36659,LC/MS Pos,100001790,2080,189.12337,19461-38-2,88079,19972556,,,1.0327,0.4628,0.8580,0.9059,0.7109,0.8474,0.9901,1.0318,0.6501,0.7753,1.0751,0.8956
499,glycylleucine,Peptide,Dipeptide,34398,LC/MS Pos,100001258,2190.9,189.12337,869-19-2,92843,83812,C02155,HMDB00759,0.7341,0.3855,0.7714,0.7712,0.5481,0.5968,1.8929,0.9967,0.7449,1.0976,0.9779,1.0165
509,glycylvaline,Peptide,Dipeptide,18357,LC/MS Neg,100000487,1371.1,173.09316,1963-21-9,97417,2006926,,HMDB28854,1.1227,0.5563,0.7382,1.2096,0.9906,0.5934,1.9340,0.9201,0.7354,1.5731,1.4283,1.2174
2403,guanine,Nucleotide,"Purine Metabolism, Guanine containing",32352,LC/MS Pos,172,1035,152.05669,73-40-5,764,744,C00242,HMDB00132,1.1352,1.1998,0.6944,1.0506,0.9491,0.5727,1.8738,0.5786,1.3243,1.3537,1.1193,0.7906
2402,guanosine,Nucleotide,"Purine Metabolism, Guanine containing",1573,LC/MS Pos,1099,1680,284.09895,118-00-3,6802,6544,C00387,HMDB00133,1.3659,0.7618,0.9381,0.9305,0.8799,0.9055,1.4784,0.5838,1.2923,1.4754,1.0262,0.4496
2397,guanosine 5'- monophosphate (5'-GMP),Nucleotide,"Purine Metabolism, Guanine containing",2849,LC/MS Pos,347,1300,364.06528,12/9/5550,6804,741,C00144,HMDB01397,0.9619,1.5770,0.6490,1.8358,0.9281,0.4419,3.3622,0.7740,1.1823,1.0263,0.7629,1.2940
900,guanosine 5'-diphospho-fucose,Carbohydrate,Nucleotide Sugar,15903,LC/MS Neg,335,755,588.07497,15839-70-0,,21402997,,,1.5328,1.0099,0.9947,1.1922,1.0763,0.5657,1.9513,0.7830,1.3979,2.0747,1.6007,1.1131
2523,gulonic acid*,Cofactors and Vitamins,Ascorbate and Aldarate Metabolism,46957,LC/MS Polar,100001586,2750,195.05102,20246-53-1,9794176,7969943,,,2.1672,0.1236,0.9862,1.5855,1.3842,1.6002,1.7252,0.7946,0.3802,1.2772,0.6565,0.4868
3391,HEPES,Xenobiotics,Chemical,21248,LC/MS Neg,100000843,1022,237.09145,7365-45-9,23831,22278,,,0.0824,0.0824,0.0824,0.0824,0.0824,0.0824,0.0824,0.0824,0.0824,0.0824,0.0824,0.0824
969,heptanoate (7:0),Lipid,Medium Chain Fatty Acid,1644,LC/MS Neg,925,3670,129.0921,111-14-8,8094,7803,C17714,HMDB00666,1.2222,1.6076,1.0593,2.7281,1.3450,0.3615,8.2312,0.6496,1.3526,2.7648,0.9089,1.3013
51,histidine,Amino Acid,Histidine Metabolism,59,LC/MS Neg,355,755.9,154.0622,5934-29-2,6274,752,C00135,HMDB00177,1.1037,0.6978,0.6451,0.9019,0.7889,0.5847,1.0979,0.4959,0.6919,1.0374,0.6197,0.6558
311,hypotaurine,Amino Acid,"Methionine, Cysteine, SAM and Taurine Metabolism",590,LC/MS Polar,358,2763.4,108.01247,300-84-5,107812,96959,C00519,HMDB00965,1.0194,1.4896,0.8710,0.7042,1.1298,0.5733,0.1676,0.2121,0.2373,0.3552,0.1676,0.2729
2348,hypoxanthine,Nucleotide,"Purine Metabolism, (Hypo)Xanthine/Inosine containing",3127,LC/MS Neg,171,1291.2,135.03123,68-94-0,790,768,C00262,HMDB00157,1.1105,0.7655,0.6725,0.7846,0.8399,0.7158,1.6833,0.7234,1.0220,1.4278,1.2684,0.8630
62,imidazole lactate,Amino Acid,Histidine Metabolism,15716,LC/MS Pos,100000263,782.7,157.06077,14403-45-3,440129,389128,C05568,HMDB02320,0.5757,0.3694,0.4589,0.7638,0.8283,0.4143,0.9751,0.1347,0.4427,0.3668,0.6479,0.6328
61,imidazole propionate,Amino Acid,Histidine Metabolism,40730,LC/MS Pos,100003434,1020,141.06586,1074-59-5,70630,63798,,HMDB02271,0.6096,0.1437,1.1011,3.1834,0.2586,0.3133,0.8137,1.4162,0.1437,0.1437,0.1437,0.6131
194,indolelactate,Amino Acid,Tryptophan Metabolism,18349,LC/MS Neg,100000463,2286,204.06661,832-97-3,92904,83867,C02043,HMDB00671,1.0777,0.3698,0.6688,0.0939,0.4145,0.9884,0.0939,0.2482,0.0939,0.5169,0.1631,0.0939
2347,inosine,Nucleotide,"Purine Metabolism, (Hypo)Xanthine/Inosine containing",1123,LC/MS Pos,361,1679.3,269.08805,58-63-9,6021,21241953,C00294,HMDB00195,1.0277,0.5796,0.8809,0.8754,0.6654,0.7544,1.8979,0.7537,1.0084,1.6201,0.9916,0.6399
2346,inosine 5'-monophosphate (IMP),Nucleotide,"Purine Metabolism, (Hypo)Xanthine/Inosine containing",2133,LC/MS Polar,362,4267.7,347.03982,4691-65-0,8582,5482599,C00130,HMDB00175,1.8282,1.3926,0.9426,1.2900,1.6042,0.9328,1.5713,0.9246,0.8453,0.8949,0.8536,0.5095
1362,inositol 1-phosphate (I1P),Lipid,Inositol Metabolism,43849,LC/MS Polar,370,4785,259.02244,573-35-3;106032-59-1,440194,17215924,C04006,HMDB00213,1.7460,0.2198,0.3167,1.0784,1.1322,0.8180,1.2326,0.2198,1.1245,1.7578,2.1244,0.2198
769,"Isobar: fructose 1,6-diphosphate, glucose 1,6-diphosphate, myo-inositol 1,4 or 1,3-diphosphate",Carbohydrate,"Glycolysis, Gluconeogenesis, and Pyruvate Metabolism",46896,LC/MS Neg,100002180,551,338.98897,,,,,,1.2092,0.6172,0.9304,1.6434,1.0584,4.0768,4.1215,0.6427,2.0982,1.9852,2.1894,1.2522
279,isobutyrylcarnitine,Amino Acid,"Leucine, Isoleucine and Valine Metabolism",33441,LC/MS Pos,100001055,1955.1,232.15434,25518-49-4,168379,,,HMDB00736,0.2542,0.5312,0.9666,1.8108,1.2107,0.9460,1.7922,0.4198,0.4501,2.0589,0.4911,0.2887
948,isocitrate,Energy,TCA Cycle,12110,LC/MS Polar,1206,4156.8,191.01973,20226-99-7,1198,1161,C00311,HMDB00193,0.4348,0.4423,1.1736,0.9638,2.0036,0.4019,1.6085,0.7008,0.0613,0.2416,0.6670,1.4003
263,isoleucine,Amino Acid,"Leucine, Isoleucine and Valine Metabolism",1125,LC/MS Pos,376,1599,132.10191,73-32-5,6306,769,C00407,HMDB00172,2.0902,1.1667,0.9138,1.9574,1.3688,0.6753,2.1701,0.7147,0.9633,1.9209,1.0509,1.0867
533,isoleucylglycine,Peptide,Dipeptide,40008,LC/MS Pos,100003169,1740,189.12337,868-28-0,342532,303621,,,1.3876,0.8414,0.7221,1.0114,0.9382,1.0366,1.1450,0.8079,0.9445,0.9103,0.7622,0.8012
242,isovalerylcarnitine,Amino Acid,"Leucine, Isoleucine and Valine Metabolism",34407,LC/MS Pos,100001393,2504.9,246.16999,31023-24-2,6426851,4932271,,HMDB00688,1.3254,0.2861,0.9522,0.2588,1.1790,0.9683,3.3894,0.6159,0.2588,1.7893,0.6980,0.4243
200,kynurenine,Amino Acid,Tryptophan Metabolism,15140,LC/MS Pos,100000265,1902.1,209.09207,2922-83-0,161166,141580,C00328,HMDB00684,0.7110,1.0018,1.0692,0.5508,0.3068,0.9481,0.5572,0.4971,0.4466,0.3388,0.1797,0.6727
779,lactate,Carbohydrate,"Glycolysis, Gluconeogenesis, and Pyruvate Metabolism",527,GC/MS,482,1102.8,116.9,79-33-4,612,592,C00186,HMDB00190,2.1639,0.6694,1.2656,1.6858,1.3761,1.3118,1.8160,0.8834,0.8706,1.2421,0.8000,0.6263
1599,lathosterol,Lipid,Sterol,39864,GC/MS,100001105,2337,255.2,80-99-9;80-99-9,65728,59151,C01189,HMDB01170,0.4553,0.7146,0.5177,0.8180,0.5927,1.0387,0.2512,0.5899,0.9950,0.6410,0.5404,1.0172
975,laurate (12:0),Lipid,Medium Chain Fatty Acid,1645,LC/MS Neg,181,5300,199.17035,143-07-7,3893,3756,C02679,HMDB00638,0.9967,1.3940,0.7002,1.8781,1.0033,0.6182,4.3410,0.5447,1.1368,1.9557,0.7606,0.8916
234,leucine,Amino Acid,"Leucine, Isoleucine and Valine Metabolism",60,LC/MS Pos,397,1680.2,132.10191,61-90-5,6106,5880,C00123,HMDB00687,1.7996,1.0935,0.8493,1.7425,1.2434,0.7204,2.0335,0.7723,0.8811,1.7867,0.9766,0.9933
713,leucylglutamine*,Peptide,Dipeptide,48189,LC/MS Pos,100003183,1578,260.1605,,4305457,3511125,,,1.4956,0.4886,0.7715,0.9218,1.1983,0.9281,1.0959,1.0963,0.3307,0.6169,0.7344,1.1648
551,leucylglycine,Peptide,Dipeptide,40045,LC/MS Pos,100003185,1805,189.12337,686-50-0,79070,71402,,,0.9946,0.5129,0.7973,1.6370,0.5512,0.5720,3.2625,0.7776,0.4834,1.6114,0.4818,0.8466
1020,linoleate (18:2n6),Lipid,Polyunsaturated Fatty Acid (n3 and n6),1105,LC/MS Neg,180,5535,279.23295,60-33-3,5280450,4444105,C01595,HMDB00673,1.1666,0.8622,0.4505,0.9771,0.8423,0.4181,2.0708,0.6321,0.7686,1.0511,0.9079,0.7126
1022,linolenate [alpha or gamma; (18:3n3 or 6)],Lipid,Polyunsaturated Fatty Acid (n3 and n6),34035,LC/MS Neg,100001337,5450,277.2173,,5280934,4444437,"C06426,C06427",HMDB03073,1.6120,1.2098,0.6327,1.4015,1.1991,0.4537,2.9402,0.5877,1.3512,1.1417,0.9528,0.8480
71,lysine,Amino Acid,Lysine Metabolism,1301,LC/MS Polar,407,5431.1,145.09825,56-87-1,5962,5747,C00047,HMDB00182,1.1529,1.1209,0.6570,1.0248,0.7394,0.6601,1.4528,0.6560,0.7100,1.2198,0.7196,0.9018
954,malate,Energy,TCA Cycle,1303,LC/MS Polar,409,3343.1,133.01425,6915-15-7,525,510,C00149,HMDB00156,1.4102,1.0830,0.9738,1.3332,1.2103,0.8233,1.4862,0.7955,1.0839,1.1677,1.0524,1.0009
830,maltose,Carbohydrate,Glycogen Metabolism,15806,GC/MS,913,2142.1,204.1,6363-53-7,10991489,388469,C00208,HMDB00163,1.9808,2.6353,0.6702,3.3244,0.8492,0.3752,1.5512,1.4818,0.4792,2.2294,0.0731,1.9723
825,maltotetraose,Carbohydrate,Glycogen Metabolism,15910,LC/MS Neg,100000275,910,665.21458,34612-38-9,446495,393830,C02052,HMDB01296,0.6624,2.1265,1.5728,2.3063,0.5784,1.2382,0.1062,1.1697,0.7000,0.1062,0.4412,0.6938
827,maltotriose,Carbohydrate,Glycogen Metabolism,44688,LC/MS Neg,100000276,812,503.16175,1109-28-0,439586,388669,C01835,HMDB01262,2.9399,3.8997,2.5000,7.1067,1.9625,0.7153,3.1628,2.2376,0.5944,1.9500,1.0256,2.4991
876,mannitol,Carbohydrate,"Fructose, Mannose and Galactose Metabolism",15335,GC/MS,100000277,1839,319.1,69-65-8,6251,6015,C00392,HMDB00765,0.6749,0.6749,0.6749,0.6749,3.3667,1.0736,0.6749,0.7621,0.6749,0.6749,0.6749,1.0000
872,mannose,Carbohydrate,"Fructose, Mannose and Galactose Metabolism",584,LC/MS Polar,803,2200,179.05611,3458-28-4,18950,141983,C00159,HMDB00169,1.8950,2.2109,0.2021,1.4139,1.2969,0.3695,2.3033,0.2650,0.8378,2.1414,1.8971,1.0000
873,mannose-6-phosphate,Carbohydrate,"Fructose, Mannose and Galactose Metabolism",1469,LC/MS Polar,294,4510,259.02244,70442-25-0;104872-94-8,439198,19969422,C00275,HMDB01078,2.2332,2.4082,0.5051,1.9866,1.5560,0.2960,3.6999,0.2204,0.6134,1.7036,1.8403,1.6654
984,margarate (17:0),Lipid,Long Chain Fatty Acid,1121,LC/MS Neg,891,5731,269.2486,506-12-7,10465,10033,,HMDB02259,1.4152,1.4941,0.6288,2.6558,1.0869,0.4027,6.0356,0.5911,1.0822,1.9255,0.8301,1.1475
285,methionine,Amino Acid,"Methionine, Cysteine, SAM and Taurine Metabolism",1302,LC/MS Pos,415,1250,150.05833,63-68-3,6137,5907,C00073,HMDB00696,2.2081,1.2526,0.8738,2.0567,1.6840,0.7010,2.4076,0.8426,1.2058,1.9496,1.4728,1.1543
290,methionine sulfoxide,Amino Acid,"Methionine, Cysteine, SAM and Taurine Metabolism",18374,LC/MS Polar,100000039,2698,164.03869,3226-65-1,158980,139840,C02989,HMDB02005,1.2656,0.4225,0.9603,0.4225,0.8778,1.3854,0.4225,1.0024,0.4225,0.4225,0.4225,1.4093
2983,methyl glucopyranoside (alpha + beta),Xenobiotics,Food Component/Plant,46144,LC/MS Polar,100005864,1500,239.07724,,,,,,1.5358,0.0846,0.7846,0.0846,0.0846,1.6855,0.0846,1.2194,0.0846,0.0846,1.2681,0.0846
2480,methylphosphate,Nucleotide,Purine and Pyrimidine Metabolism,37070,LC/MS Polar,100001805,3760.1,110.98527,7023-27-0,13130,12578,,HMDB61711,1.2122,0.4245,0.8241,0.3265,1.0110,0.8481,0.1862,0.8513,0.7738,0.4015,1.0468,0.6485
1354,myo-inositol,Lipid,Inositol Metabolism,1124,LC/MS Polar,363,3506.3,225.06159,87-89-8,892,10239179,C00137,HMDB00211,0.9107,1.1719,0.8137,0.8527,1.1070,0.6037,2.4339,0.6704,0.9764,1.2750,1.0918,1.0900
978,myristate (14:0),Lipid,Long Chain Fatty Acid,1365,LC/MS Neg,519,5440,227.20165,544-63-8,11005,10539,C06424,HMDB00806,1.3430,0.9925,0.7628,1.2294,1.0812,0.7988,1.4270,0.5343,0.7855,0.7881,0.7106,0.6540
979,myristoleate (14:1n5),Lipid,Long Chain Fatty Acid,32418,LC/MS Neg,100001198,5346.9,225.186,544-64-9,5281119,4444564,C08322,HMDB02000,1.1370,0.3150,0.8787,0.0758,1.2691,1.1074,0.3577,1.1266,1.1441,0.6715,1.8662,0.8345
1579,myristoyl sphingomyelin*,Lipid,Sphingolipid Metabolism,42463,LC/MS Polar,100004328,873,719.53447,,11433862,9608732,,,1.1109,1.0645,0.7531,1.4380,1.2302,0.5879,2.8389,0.4931,0.8551,1.9219,1.2894,0.8748
74,N-6-trimethyllysine,Amino Acid,Lysine Metabolism,1498,LC/MS Pos,189,690,189.15976,23284-33-5,440120,140379,C03793,HMDB01325,0.7841,0.5768,1.0849,1.1804,0.5468,0.8411,0.2140,0.2716,0.7982,0.7561,0.3497,0.4048
55,N-acetyl-3-methylhistidine*,Amino Acid,Histidine Metabolism,43256,LC/MS Pos,100002204,917,212.10297,37841-04-6,193270,19993498,,,0.6098,0.7025,0.5677,0.5956,0.8871,0.3830,0.6534,0.2735,0.6359,0.5595,0.5120,0.5960
40,N-acetyl-aspartyl-glutamate (NAAG),Amino Acid,Glutamate Metabolism,35665,LC/MS Pos,100001612,1575.4,305.09795,3106-85-2,5255,5065,C12270,HMDB01067,2.0630,1.0873,1.3813,1.7699,1.3373,1.0564,0.5226,0.2721,0.3257,0.3973,0.4018,0.4860
919,N-acetyl-glucosamine 1-phosphate,Carbohydrate,Aminosugar Metabolism,15741,LC/MS Polar,1212,4052,300.04899,31281-59-1,440364,389323,C04256,HMDB01367,1.1011,0.5783,0.9109,0.2620,0.9284,1.2108,0.2620,0.4196,0.2620,0.2620,0.5097,0.2620
25,N-acetylalanine,Amino Acid,Alanine and Aspartate Metabolism,1585,LC/MS Neg,1110,861.2,130.05096,97-69-8,88064,79449,C02847,HMDB00766,1.8681,1.0078,1.1173,1.5201,1.4147,1.0629,1.5074,0.6756,0.7465,1.0877,0.9462,0.8403
331,N-acetylarginine,Amino Acid,Urea cycle; Arginine and Proline Metabolism,33953,LC/MS Pos,100001266,1116,217.12952,155-84-0,67427,60752,C02562,HMDB04620,0.5914,1.1574,0.8950,0.8578,0.7524,0.8889,0.8219,0.3756,0.6256,0.0968,0.4452,0.7211
30,N-acetylasparagine,Amino Acid,Alanine and Aspartate Metabolism,33942,LC/MS Polar,100001257,2250,173.05678,4033-40-3,99715,90090,,HMDB06028,0.9307,0.8399,1.2700,0.5732,1.0157,0.9843,0.2931,0.2931,0.3255,0.4009,0.4144,0.4863
31,N-acetylaspartate (NAA),Amino Acid,Alanine and Aspartate Metabolism,22185,LC/MS Polar,100000787,3143,174.04079,997-55-7;997-55-7,65065,58576,C01042,HMDB00812,1.9516,1.0489,0.9910,1.5418,1.2218,0.7388,1.1555,0.5193,0.6378,0.8640,0.9528,0.9736
303,N-acetylcysteine,Amino Acid,"Methionine, Cysteine, SAM and Taurine Metabolism",1586,LC/MS Pos,1107,1792,164.0376,616-91-1,12035,11540,C06809,HMDB01890,1.5152,0.6336,0.9037,1.2278,1.1260,0.5608,0.9371,0.3572,0.3236,0.4202,0.5023,0.5043
921,N-acetylgalactosamine,Carbohydrate,Aminosugar Metabolism,2766,GC/MS,1106,1887.4,245.1,14215-68-0,35717,32855,C01074,HMDB00212,0.4619,0.6230,0.4619,0.4619,1.2094,0.7634,0.4619,0.9338,0.9514,0.4619,0.8428,1.2448
917,N-acetylglucosamine,Carbohydrate,Aminosugar Metabolism,15095,GC/MS,100000281,1903.3,245,7512-17-6,24139,22563,C00140,HMDB00215,1.0229,0.9951,0.6134,1.0548,0.8637,0.7666,1.9092,0.7148,1.1244,1.9008,1.2409,1.0000
918,N-acetylglucosamine 6-phosphate,Carbohydrate,Aminosugar Metabolism,15107,LC/MS Polar,1213,4114,300.04899,102029-88-9,439219,8216065,C00357,HMDB02817,1.0000,0.7211,0.9640,0.7636,1.1088,1.0576,0.5311,0.4229,0.5599,0.8728,0.6744,0.5220
38,N-acetylglutamate,Amino Acid,Glutamate Metabolism,15720,LC/MS Pos,100000282,1492,190.071,8/3/5817,70914,1266066,C00624,HMDB01138,0.9054,2.0079,2.1704,0.7986,1.1071,1.2656,0.4315,0.2010,0.3174,0.1618,0.2695,0.4661
39,N-acetylglutamine,Amino Acid,Glutamate Metabolism,33943,LC/MS Pos,100001253,1193,189.08699,2490-97-3,182230,158492,C02716,HMDB06029,1.7749,1.5039,1.2412,1.8842,1.3349,0.7595,2.1956,0.5808,0.8420,1.0376,0.9257,1.1612
52,N-acetylhistidine,Amino Acid,Histidine Metabolism,33946,LC/MS Neg,100001293,900,196.07276,39145-52-3,75619,68142,C02997,HMDB32055,0.3961,0.3466,0.6294,0.1595,0.5497,0.4045,0.0668,0.0668,0.3280,0.4213,0.3622,0.3214
235,N-acetylleucine,Amino Acid,"Leucine, Isoleucine and Valine Metabolism",1587,LC/MS Neg,1082,2361.4,172.09791,1188-21-2,70912,64075,C02710,HMDB11756,1.8383,1.1244,1.1032,1.1216,1.2738,1.3401,0.5345,0.5345,0.8896,0.5345,0.8335,0.8542
286,N-acetylmethionine,Amino Acid,"Methionine, Cysteine, SAM and Taurine Metabolism",1589,LC/MS Neg,1083,1787,190.05434,65-82-7,448580,395338,C02712,HMDB11745,1.6042,0.9810,0.8776,1.3837,1.1403,0.9654,1.1746,0.7883,1.0165,0.9656,1.1545,0.8685
925,N-acetylneuraminate,Carbohydrate,Aminosugar Metabolism,32377,LC/MS Polar,1162,3072.6,308.0987,131-48-6,439197,10292217,C00270,HMDB00230,0.5911,0.2133,0.2133,0.2133,0.5942,0.5117,0.2133,0.2685,0.6708,0.2133,0.2133,0.3174
97,N-acetylphenylalanine,Amino Acid,Phenylalanine and Tyrosine Metabolism,33950,LC/MS Neg,100001256,2597,206.08226,2018-61-3,74839,67404,C03519,HMDB00512,1.3206,1.2803,0.8337,1.3340,1.2357,0.6925,4.3104,0.5496,0.9528,2.3647,0.9213,0.9171
363,N-acetylputrescine,Amino Acid,Polyamine Metabolism,37496,LC/MS Pos,192,840,131.11789,18233-70-0,122356,109095,C02714,HMDB02064,1.7458,1.1864,0.8449,1.7691,0.7896,0.3739,1.2513,0.4742,0.7124,1.0117,0.3939,0.7444
10,N-acetylserine,Amino Acid,"Glycine, Serine and Threonine Metabolism",37076,LC/MS Pos,100001851,1021,148.06044,97-14-3,65249,58744,,HMDB02931,1.9400,1.1254,1.0079,1.8124,1.4252,0.7922,1.3199,0.5997,0.7238,1.0308,0.8970,0.8675
15,N-acetylthreonine,Amino Acid,"Glycine, Serine and Threonine Metabolism",33939,LC/MS Neg,100001274,821.6,160.06153,17093-74-2,152204,3841173,C01118,,1.1662,0.8677,0.8926,1.0784,1.0161,0.8598,1.4406,0.6310,1.0534,0.9768,1.1743,0.9824
110,N-acetyltyrosine,Amino Acid,Phenylalanine and Tyrosine Metabolism,32390,LC/MS Neg,100001104,1680,222.07718,537-55-3,68310,61606,,HMDB00866,1.2262,1.9642,0.8134,3.1406,1.0568,0.5731,6.4164,0.5899,0.8324,2.5834,0.8387,1.2727
276,N-acetylvaline,Amino Acid,"Leucine, Isoleucine and Valine Metabolism",1591,LC/MS Neg,1084,1704,158.08226,96-81-1,66789,60154,,HMDB11757,1.2283,1.1822,1.0625,1.6955,1.0553,0.9951,1.7364,0.4444,0.7598,0.7485,0.7653,0.6326
2420,N-carbamoylaspartate,Nucleotide,"Pyrimidine Metabolism, Orotate containing",1594,LC/MS Neg,1108,606.9,175.03604,923-37-5,93072,4573859,C00438,HMDB00828,3.4797,1.2302,2.2911,1.1422,0.5244,0.4962,0.2770,0.2836,0.9407,0.2770,0.2770,1.0648
334,N-delta-acetylornithine,Amino Acid,Urea cycle; Arginine and Proline Metabolism,43249,LC/MS Pos,100004523,887,175.10772,,9920500,8096135,,,0.1964,0.1964,0.1964,0.1964,0.2676,1.0026,0.1964,1.1578,0.3149,0.1964,0.1964,0.5018
287,N-formylmethionine,Amino Acid,"Methionine, Cysteine, SAM and Taurine Metabolism",2829,LC/MS Neg,194,1543.8,176.03869,4289-98-9,439750,388809,C03145,HMDB01015,1.3943,1.5401,1.5187,1.2226,1.2575,1.0141,1.8345,0.7874,0.9859,1.0959,1.1026,1.1039
1188,N-palmitoyl glycine,Lipid,Fatty Acid Metabolism(Acyl Glycine),42092,LC/MS Neg,100003686,5580,312.25441,2441-41-0,151008,133100,,,0.0952,0.0952,0.0952,0.0952,0.0952,0.1041,0.0952,0.0952,0.0952,0.0952,0.0952,0.0952
1577,N-palmitoyl-sphingosine*,Lipid,Sphingolipid Metabolism,48278,LC/MS Polar,1518,703,582.5103,24696-26-2,5283564,4446677,,HMDB04949,1.0551,1.0921,0.7247,1.3462,0.8370,0.4629,2.4527,0.4204,1.2755,1.8763,1.2125,0.7412
2375,N1-methyladenosine,Nucleotide,"Purine Metabolism, Adenine containing",15650,LC/MS Pos,1242,1399,282.11969,15763-06-1,27476,4573813,C02494,HMDB03331,1.0344,1.0967,0.4615,0.5804,0.5249,0.6273,0.9887,0.2878,0.3395,0.7380,0.5363,0.4716
2409,N1-methylguanosine,Nucleotide,"Purine Metabolism, Guanine containing",31609,LC/MS Pos,100001122,1869,298.1146,2140-65-0,96373,86996,,HMDB01563,1.2754,2.4113,0.6188,0.4552,0.5474,1.2207,1.0439,0.4253,1.9601,0.7039,0.7006,0.4230
2411,"N2,N2-dimethylguanosine",Nucleotide,"Purine Metabolism, Guanine containing",35137,LC/MS Pos,100001412,2168,312.13025,2140-67-2,92919,83878,,HMDB04824,1.2867,2.1513,0.5181,0.3377,0.9907,1.8397,0.2176,0.5921,1.3403,0.2176,0.6774,0.4682
2410,N2-methylguanosine,Nucleotide,"Purine Metabolism, Guanine containing",35133,LC/MS Neg,100001467,1988,296.10004,2140-77-4,3035422,2299669,,HMDB05862,1.5051,2.2295,0.8293,0.4192,1.1407,1.0633,0.4192,0.4192,1.4404,2.7760,1.0345,0.4192
73,N6-acetyllysine,Amino Acid,Lysine Metabolism,36752,LC/MS Pos,100001734,1140,189.12337,692-04-6,92832,83801,C02727,HMDB00206,0.7908,0.7666,0.4714,1.1500,0.5325,0.8529,1.3616,0.8463,0.8045,0.6371,0.4115,0.7178
2385,N6-carbamoylthreonyladenosine,Nucleotide,"Purine Metabolism, Adenine containing",35157,LC/MS Pos,100001415,2673,413.14154,24719-82-2,161466,141829,,HMDB41623,0.1300,0.1300,0.1300,0.1300,0.1300,0.2621,0.1300,0.1300,0.1300,0.1300,0.1300,0.1300
2394,N6-succinyladenosine,Nucleotide,"Purine Metabolism, Adenine containing",48130,LC/MS Pos,100001664,2222,384.11499,4542-23-8,,,,HMDB00912,1.6080,0.2964,1.0150,0.8635,0.7440,1.0046,0.3523,1.0356,1.0681,0.8814,0.3779,0.3218
1007,nervonate (24:1n9),Lipid,Long Chain Fatty Acid,41820,GC/MS,100001231,2201,423.4,506-37-6,5281120,4444565,C08323,HMDB02368,1.2331,0.9172,1.1507,0.7109,0.1859,1.5670,0.1859,0.1859,0.2565,2.1978,0.7072,0.7251
1581,nervonoyl sphingomyelin*,Lipid,Sphingolipid Metabolism,47153,LC/MS Polar,100005986,850,857.67533,94359-13-4,,24846874,,,1.5842,2.9570,1.0095,3.1770,1.2150,0.3514,4.8220,0.2638,1.6269,3.7180,1.0477,1.3530
2485,nicotinamide,Cofactors and Vitamins,Nicotinate and Nicotinamide Metabolism,594,LC/MS Pos,432,1271.1,123.05529,98-92-0,936,911,C00153,HMDB01406,1.0924,1.2877,0.4174,1.1409,1.0684,0.0095,2.0076,0.7908,1.1957,1.2962,0.9330,1.0059
2489,nicotinamide adenine dinucleotide (NAD+),Cofactors and Vitamins,Nicotinate and Nicotinamide Metabolism,5278,LC/MS Neg,1310,1434,662.10184,53-84-9,5893,5681,C00003,HMDB00902,1.2951,0.8745,0.5444,1.5046,1.0677,0.0327,2.9896,0.6880,1.1016,2.0102,1.0711,1.3204
2493,nicotinamide adenine dinucleotide phosphate reduced (NADPH),Cofactors and Vitamins,Nicotinate and Nicotinamide Metabolism,33450,LC/MS Neg,430,900,744.08383,2646-71-1,5884,5673,C00005,HMDB00221,0.8422,0.6319,1.0207,0.6303,1.0888,0.3260,1.3492,0.7417,1.0434,1.3157,1.2382,0.6181
2490,nicotinamide adenine dinucleotide reduced (NADH),Cofactors and Vitamins,Nicotinate and Nicotinamide Metabolism,31475,LC/MS Neg,428,1540,664.1175,58-68-4;606-68-8,439153,388299,C00004,HMDB01487,0.7358,0.8964,0.4102,0.6271,0.9550,0.1460,2.3205,0.6581,1.3304,1.2994,1.0221,1.7353
2487,nicotinamide ribonucleotide (NMN),Cofactors and Vitamins,Nicotinate and Nicotinamide Metabolism,22152,LC/MS Pos,1312,893.2,335.06388,1094-61-7,14180,13553,C00455,HMDB00229,0.9750,1.1985,0.8777,1.0250,1.1328,0.2111,1.8447,0.5821,0.8765,1.5959,1.4471,1.1244
2482,nicotinate,Cofactors and Vitamins,Nicotinate and Nicotinamide Metabolism,1504,LC/MS Pos,567,1238,124.03931,59-67-6,938,913,C00253,HMDB01488,1.7093,1.9235,2.9408,1.8209,2.5615,3.4621,1.4390,0.5534,0.1391,0.2891,2.9005,0.7319
994,nonadecanoate (19:0),Lipid,Long Chain Fatty Acid,1356,LC/MS Neg,892,6068,297.2799,646-30-0,12591,12071,C16535,HMDB00772,1.3226,1.5300,0.7400,2.3311,1.3167,0.4424,5.1553,0.5950,1.0058,2.4961,0.8647,1.0607
3322,O-sulfo-L-tyrosine,Xenobiotics,Chemical,45413,LC/MS Neg,100005384,990,260.02343,,514186,448617,,,1.3340,1.0462,0.6262,0.4773,0.8176,1.0000,0.1495,0.3696,0.5346,0.3755,0.5250,0.1495
988,oleate (18:1n9),Lipid,Long Chain Fatty Acid,1359,GC/MS,442,1984.4,339.2,112-80-1,445639,393217,C00712,HMDB00207,0.9775,1.0660,0.8315,1.8180,1.0933,0.5632,2.8749,0.6124,0.7000,1.3921,0.7198,0.9720
1339,oleic ethanolamide,Lipid,Endocannabinoid,38102,LC/MS Neg,1137,6900,324.2908,11-58-0;111-58-0,5283454,4446574,,HMDB02088,0.9710,0.7777,0.7389,0.9466,1.0478,0.8818,1.0039,0.6378,0.7021,0.5985,0.5240,0.7532
1551,oleoyl-linoleoyl-glycerol,Lipid,Monoacylglycerol,48424,LC/MS Polar,100006252,690,663.52055,,,,,,1.5880,1.8689,0.4805,1.7651,0.9411,0.4458,4.0177,0.6218,0.5762,1.3118,0.6791,0.8000
1505,oleoyl-linoleoyl-glycerophosphocholine (1)*,Lipid,Lysolipid,48270,LC/MS Polar,100006165,777,828.576,,,,,,1.7878,1.7137,0.7097,2.4759,1.0696,0.3388,5.3973,0.6869,1.6679,2.5353,1.2017,1.2767
1506,oleoyl-linoleoyl-glycerophosphocholine (2)*,Lipid,Lysolipid,48390,LC/MS Polar,100006166,860,828.576,,,,,,2.0623,1.2503,0.6393,2.1436,1.0093,0.6048,2.7606,1.1265,1.1750,1.9539,0.9460,0.8607
1492,oleoyl-linoleoyl-glycerophosphoinositol (1)*,Lipid,Lysolipid,48303,LC/MS Polar,100006140,902,859.53393,,,,,,1.7058,2.1813,0.9296,2.2962,1.4174,0.4147,6.6951,0.6685,2.1340,3.9343,1.9014,1.1429
1493,oleoyl-oleoyl-glycerophosphocholine (1)*,Lipid,Lysolipid,48277,LC/MS Polar,100006144,853,830.59169,,,,,,1.6048,0.9436,1.0960,1.6150,1.2854,0.7724,1.4177,0.7987,0.8863,1.2572,1.1678,0.8073
1494,oleoyl-oleoyl-glycerophosphocholine (2)*,Lipid,Lysolipid,48268,LC/MS Polar,100006145,778,830.59169,,,,,,1.2484,1.2891,0.8527,1.7841,0.9883,0.5011,3.2073,0.6473,1.2678,1.6297,0.9813,1.1275
321,ornithine,Amino Acid,Urea cycle; Arginine and Proline Metabolism,1493,LC/MS Pos,444,614,133.09716,3184-13-2,6262,6026,C00077,HMDB03374,1.7852,0.3001,0.8053,1.5477,0.3001,0.6265,1.3013,0.6445,1.0599,2.3938,0.6141,0.6420
2422,orotate,Nucleotide,"Pyrimidine Metabolism, Orotate containing",1505,LC/MS Polar,445,1638.1,155.00983,50887-69-9,967,942,C00295,HMDB00226,7.3314,1.6594,2.9666,6.7298,2.7483,0.4047,2.1848,1.4687,1.0692,4.4843,1.5439,1.0351
2424,orotidine,Nucleotide,"Pyrimidine Metabolism, Orotate containing",35172,LC/MS Polar,100001416,2250,287.05209,314-50-1,92751,83729,C01103,HMDB00788,2.4541,1.2491,2.2264,1.2432,2.8392,2.2328,1.9575,1.0782,0.8597,1.6624,1.5173,0.9951
955,oxaloacetate,Energy,TCA Cycle,47173,LC/MS Neg,447,575,130.9986,328-42-7,970,945,C00036,HMDB00223,2.0908,0.3965,1.3628,0.8369,1.7476,1.3454,1.4000,1.1243,0.9002,0.9312,1.0645,0.8366
981,palmitate (16:0),Lipid,Long Chain Fatty Acid,1336,LC/MS Neg,424,5618,255.23295,57-10-3,985,960,C00249,HMDB00220,1.7216,1.3375,0.7269,1.8114,1.1624,0.6604,3.3313,0.6096,0.9376,1.5884,0.9859,0.9193
982,palmitoleate (16:1n7),Lipid,Long Chain Fatty Acid,33447,LC/MS Neg,452,5475,253.2173,373-49-9,445638,393216,C08362,HMDB03229,1.1520,0.6775,0.5344,0.9919,1.0350,0.6985,1.5754,0.7525,0.7574,0.9010,1.2172,0.7939
1582,palmitoleoyl sphingomyelin*,Lipid,Sphingolipid Metabolism,42459,LC/MS Polar,100004329,866,745.55012,,,,,,1.2148,1.3621,0.8366,1.2210,1.2273,0.6062,2.4664,0.3459,0.9003,1.5726,1.1054,0.5832
1342,palmitoyl ethanolamide,Lipid,Endocannabinoid,38165,LC/MS Neg,1489,6760,298.27515,544-31-0,4671,4509,C16512,HMDB02100,0.9365,0.5912,0.5253,1.0014,0.9315,0.4799,1.9974,0.4777,0.5594,0.7968,0.4858,0.5432
1563,palmitoyl sphingomyelin,Lipid,Sphingolipid Metabolism,37506,LC/MS Polar,100002107,870,747.56577,6254-89-3,9939941,8115562,,,1.2221,1.7964,0.7555,1.9631,1.1631,0.4410,5.5801,0.5751,1.2234,2.3985,1.2020,1.0236
1496,palmitoyl-arachidonoyl-glycerophosphocholine (2)*,Lipid,Lysolipid,48392,LC/MS Polar,100006157,790,826.56034,,,,,,2.1653,2.0137,0.8009,2.7080,1.2273,0.3631,6.2350,0.4490,1.8985,2.5082,1.1389,0.8639
1497,palmitoyl-linoleoyl-glycerophosphocholine (1)*,Lipid,Lysolipid,48385,LC/MS Polar,100006133,870,802.56018,,,,,,1.5595,0.8802,1.3330,1.2450,1.0519,0.8429,1.9561,0.7186,0.9390,1.8149,1.1321,0.9320
1498,palmitoyl-linoleoyl-glycerophosphocholine (2)*,Lipid,Lysolipid,48269,LC/MS Polar,100006134,783,802.56049,,,,,,0.4751,0.6420,0.7237,0.4751,0.4751,0.6147,0.4751,0.4751,0.5450,0.4751,0.4751,0.7427
1499,palmitoyl-linoleoyl-glycerophosphoinositol (1)*,Lipid,Lysolipid,48304,LC/MS Polar,100006138,910,833.51845,,,,,,1.2589,1.3782,1.0086,1.7836,1.3280,0.6921,4.6070,1.3848,2.1317,2.7463,2.0679,1.9720
1500,palmitoyl-oleoyl-glycerophosphocholine (1)*,Lipid,Lysolipid,48267,LC/MS Polar,100006142,853,804.57604,,,,,,1.3769,0.9265,0.9584,1.2674,1.2632,0.6889,2.4182,0.5338,0.7565,2.8600,0.9940,0.7360
1501,palmitoyl-oleoyl-glycerophosphoglycerol (1)*,Lipid,Lysolipid,48314,LC/MS Polar,100006137,716,747.51853,,,,,,1.5935,1.1840,1.1444,1.8180,1.4410,0.7347,3.0129,0.6345,1.0840,2.0037,1.1866,0.3844
1507,palmitoyl-oleoyl-glycerophosphoglycerol (2)*,Lipid,Lysolipid,48391,LC/MS Polar,100006159,745,747.51853,,,,,,2.3745,1.2703,1.2806,1.5401,1.8331,1.3544,0.0269,0.7422,0.9993,0.0269,1.4009,0.1850
1508,palmitoyl-palmitoyl-glycerophosphocholine (1)*,Lipid,Lysolipid,48276,LC/MS Polar,100006160,854,778.5604,,,,,,1.2508,0.8688,0.8240,1.5199,1.2973,0.9034,2.0210,0.6173,0.8791,2.0540,1.6858,0.8764
1509,palmitoyl-palmitoyl-glycerophosphocholine (2)*,Lipid,Lysolipid,48389,LC/MS Polar,100006161,790,778.5604,,,,,,1.1097,1.1826,0.7126,2.0127,0.9582,0.4647,3.5528,0.6897,1.2904,1.7491,1.0601,1.1606
2510,pantothenate,Cofactors and Vitamins,Pantothenate and CoA Metabolism,1508,LC/MS Pos,1024,2212.4,220.11795,137-08-6,6613,6361,C00864,HMDB00210,1.2950,0.5570,1.0554,1.2464,1.6869,0.8373,0.7904,0.6630,0.8122,0.8932,1.2364,1.1962
971,pelargonate (9:0),Lipid,Medium Chain Fatty Acid,12035,LC/MS Neg,437,4798,157.1234,112-05-0,8158,4574394,C01601,HMDB00847,1.1676,1.4058,0.8208,1.8390,1.2295,0.4094,4.8032,0.6495,1.0708,1.9321,0.8845,1.1651
124,phenol sulfate,Amino Acid,Phenylalanine and Tyrosine Metabolism,32553,LC/MS Neg,100001510,2156,172.9914,937-34-8,74426,67018,C02180,HMDB60015,1.4748,3.8010,2.1489,1.2856,0.4806,1.0637,2.7702,0.4592,0.2544,0.6599,9.9808,5.2539
96,phenylalanine,Amino Acid,Phenylalanine and Tyrosine Metabolism,64,LC/MS Polar,460,1587,164.0717,63-91-2,6140,5910,C00079,HMDB00159,1.2336,0.8298,0.8123,0.9724,0.8643,0.7726,1.1239,0.7791,0.8404,0.9448,0.8472,0.8346
599,phenylalanylalanine,Peptide,Dipeptide,41374,LC/MS Pos,100003589,2120,237.12337,3918-87-4,6993123;5488196,4589716,,,1.4171,0.8129,0.9777,1.7628,1.5517,0.5492,4.2191,2.2759,0.6756,2.5145,1.1350,2.2866
603,phenylalanylglycine,Peptide,Dipeptide,41370,LC/MS Pos,100003588,2155,223.10772,721-90-4,98207,88678,,,0.8802,0.4470,0.6297,0.6998,0.5760,0.7175,1.0615,0.9729,0.7722,0.9194,0.8587,0.7037
101,phenyllactate (PLA),Amino Acid,Phenylalanine and Tyrosine Metabolism,22130,LC/MS Neg,100000774,2208,165.05571,828-01-3,3848,3715,C05607,HMDB00779,0.7075,0.8047,0.9035,0.9825,0.2554,1.8579,1.3775,0.8224,0.3601,0.5930,0.2998,0.6124
100,phenylpyruvate,Amino Acid,Phenylalanine and Tyrosine Metabolism,566,LC/MS Neg,241,2517.6,163.04007,156-06-9,997,972,C00166,HMDB00205,1.3885,0.9261,0.9478,2.3729,1.1513,0.5640,6.9755,0.8801,1.1287,2.1696,1.0321,1.3662
966,phosphate,Energy,Oxidative Phosphorylation,42109,LC/MS Neg,461,608,96.96962,7664-38-2,1061,1032,C00009,HMDB01429,1.2269,2.0861,0.8463,2.1158,1.0825,0.5142,5.8604,0.6879,1.0121,1.9865,0.9753,1.2523
777,phosphoenolpyruvate (PEP),Carbohydrate,"Glycolysis, Gluconeogenesis, and Pyruvate Metabolism",597,LC/MS Neg,463,587.3,166.9751,10526-80-4,1005,980,C00074,HMDB00263,0.8045,1.4656,0.4603,1.7249,1.6512,0.2142,3.8137,1.3417,1.2898,1.4582,2.5834,1.4146
1388,phosphoethanolamine,Lipid,Phospholipid Metabolism,1600,LC/MS Neg,1026,638,140.01182,1071-23-4,1015,990,C00346,HMDB00224,0.0754,0.2369,0.1202,0.1025,0.1748,0.0757,0.4949,0.1137,0.4757,0.2933,0.3468,0.2404
2512,phosphopantetheine,Cofactors and Vitamins,Pantothenate and CoA Metabolism,15504,LC/MS Neg,100000328,1596.9,357.08908,NA,987,103123,C01134,HMDB01416,0.6710,3.0747,0.2273,2.8333,1.2697,0.5020,7.0977,1.0845,0.7414,3.3672,5.0490,4.2035
1561,phytosphingosine,Lipid,Sphingolipid Metabolism,1510,LC/MS Pos,469,5130,318.30027,554-62-1,122121,21238683,C12144,HMDB04610,1.0880,0.1226,0.8742,0.4260,0.9545,1.2117,0.2521,0.6570,1.4562,0.2653,1.1855,0.2974
88,pipecolate,Amino Acid,Lysine Metabolism,1444,LC/MS Pos,1025,1120,130.08626,4043-87-2,849,826,C00408,HMDB00070,1.0980,1.5960,0.6752,0.0249,1.0146,0.5655,0.8012,0.3570,0.5114,0.3791,0.7836,0.7482
342,pro-hydroxy-pro,Amino Acid,Urea cycle; Arginine and Proline Metabolism,35127,LC/MS Pos,100001167,950,229.11829,18684-24-7,11673055,9847785,,HMDB06695,0.8423,0.9199,0.5475,0.7750,0.7028,1.2222,0.1815,0.6186,0.2422,0.1091,0.2070,0.3245
322,proline,Amino Acid,Urea cycle; Arginine and Proline Metabolism,1898,LC/MS Pos,480,805,116.07061,147-85-3,145742,128566,C00148,HMDB00162,0.9305,0.8556,0.6976,0.9636,0.8050,0.6695,1.2588,0.3832,0.4678,0.8243,0.4587,0.5258
620,prolylglycine,Peptide,Dipeptide,40703,LC/MS Pos,100003674,875,173.09207,2578-57-6,7408076;6426709,4932143,,,1.2697,0.6437,0.8360,1.2016,0.8224,1.0422,1.0582,1.0019,1.1309,0.8856,1.2741,0.8930
1179,propionylcarnitine,Lipid,Fatty Acid Metabolism (also BCAA Metabolism),32452,LC/MS Pos,100001162,1590,218.13869,17298-37-2,107738,96904,C03017,HMDB00824,0.9643,1.5348,0.7280,1.3347,0.7211,0.3274,4.4387,0.2168,0.3514,1.4293,0.6833,0.8149
2436,pseudouridine,Nucleotide,"Pyrimidine Metabolism, Uracil containing",33442,LC/MS Neg,821,1100,243.06226,1445-07-4,15047,21403010,C02067,HMDB00767,1.8538,2.7864,0.6654,1.1779,1.1368,0.9682,1.3127,0.3585,0.9066,1.0358,1.1242,0.3152
2548,pterin,Cofactors and Vitamins,Pterin Metabolism,43023,LC/MS Pos,100004216,1545,164.05669,22363-60-4,73000,65806,C00715,HMDB00802,1.4795,1.3239,1.2118,1.7546,1.4870,0.7491,2.9568,0.8829,1.1217,2.3529,1.2469,1.3219
357,putrescine,Amino Acid,Polyamine Metabolism,1408,LC/MS Pos,49,564,89.10733,110-60-1,1045,13837702,C00134,HMDB01414,1.6758,1.7793,0.8849,1.9974,1.0839,0.4788,5.0625,0.4307,0.6555,1.9744,0.8414,1.1561
2584,pyridoxal,Cofactors and Vitamins,Vitamin B6 Metabolism,1651,LC/MS Pos,491,1203,168.06552,65-22-5,1050,1021,C00250,HMDB01545,1.0922,0.9985,0.7813,0.8715,0.8761,0.7285,2.7521,0.8210,1.0513,1.2478,1.1414,0.9256
47,pyroglutamine*,Amino Acid,Glutamate Metabolism,46225,LC/MS Pos,100001540,750,129.06586,2353-44-8,134508,118562,,,1.2398,0.9708,0.8200,1.5618,1.0476,0.5354,1.2968,0.2500,0.3497,0.8089,0.3161,0.3670
778,pyruvate,Carbohydrate,"Glycolysis, Gluconeogenesis, and Pyruvate Metabolism",22250,LC/MS Polar,823,2650,175.02481,127-17-3,1060,96901,C00022,HMDB00243,1.0532,0.8635,0.7505,1.2506,0.6780,0.8573,0.6116,0.5333,0.2904,0.8841,0.3654,0.6311
798,ribitol,Carbohydrate,Pentose Metabolism,15772,LC/MS Polar,100000406,1789.6,151.06119,488-81-3,6912,10254628,C00474,HMDB00508,1.4582,0.5453,1.1234,0.7254,1.0500,2.3664,0.3320,1.0408,0.5805,0.9014,0.8549,0.5937
2507,riboflavin (Vitamin B2),Cofactors and Vitamins,Riboflavin Metabolism,1827,LC/MS Pos,500,3098.3,377.14557,83-88-5,493570,431981,C00255,HMDB00244,1.6792,0.5350,1.2654,0.2214,0.9139,1.1321,0.7426,0.8961,0.4421,0.7204,0.6467,0.7993
799,ribonate,Carbohydrate,Pentose Metabolism,27731,LC/MS Polar,100001007,2425,165.04046,8/3/5336,5460677,4574162,C01685,HMDB00867,1.4551,0.3428,0.9411,1.1227,1.4558,0.9293,2.3010,0.9706,0.6507,1.5788,0.9761,1.0437
797,ribose,Carbohydrate,Pentose Metabolism,1471,LC/MS Polar,914,1508.2,195.05103,50-69-1,5779,4470639,C00121,HMDB00283,1.4930,1.5174,1.3984,0.8540,1.1733,2.4372,1.2193,0.8604,1.2467,1.1897,1.3269,0.7499
788,ribose 1-phosphate,Carbohydrate,Pentose Phosphate Pathway,1763,LC/MS Polar,219,4025,229.01188,50-99-7;58459-37-3,439236,388373,C00620,HMDB01489,1.1598,1.1870,0.8021,1.1120,0.8948,0.8896,3.1901,0.7921,0.5938,1.1403,0.8017,0.6680
787,ribose 5-phosphate,Carbohydrate,Pentose Phosphate Pathway,561,GC/MS,19,1928.4,315.1,18265-46-8;108321-05-7,,394672,C00117,HMDB01548,1.1576,1.5990,0.9485,0.3197,1.2647,1.7252,4.5165,1.2858,1.9263,1.4128,0.6766,1.6252
795,ribulose,Carbohydrate,Pentose Metabolism,35855,GC/MS,100000147,1662,306.1,488-84-6,151261,71354,C00309,HMDB00621,1.4812,0.8241,0.9504,0.4094,0.8489,2.0413,0.4094,0.7557,1.3185,0.7594,0.9626,0.4472
792,ribulose/xylulose 5-phosphate,Carbohydrate,Pentose Phosphate Pathway,37288,GC/MS,100002179,1935,357.2,,,,C00199,,0.4578,1.4160,0.7639,1.3829,0.9654,2.2431,4.7899,0.4430,1.6137,0.9337,0.8844,1.1537
293,S-adenosylhomocysteine (SAH),Amino Acid,"Methionine, Cysteine, SAM and Taurine Metabolism",42382,LC/MS Neg,197,1832.4,383.11431,979-92-0,439155,16788012,C00021,HMDB00939,1.1291,1.1739,0.8968,1.2813,1.1098,0.8142,2.0659,0.6689,0.8390,1.3321,1.6008,1.0547
292,S-adenosylmethionine (SAM),Amino Acid,"Methionine, Cysteine, SAM and Taurine Metabolism",15915,LC/MS Pos,1263,670,399.14452,24346-00-7;86867-01-8;86867-0108,34755,,C00019,HMDB01185,2.9976,1.8807,1.5967,3.7575,2.3643,0.4902,5.8692,0.5685,2.3178,7.0146,1.4550,0.6975
305,S-methylcysteine,Amino Acid,"Methionine, Cysteine, SAM and Taurine Metabolism",39592,LC/MS Pos,100002749,848,119.01613,1187-84-4,24417,22826,,HMDB02108,0.0939,1.9361,0.6053,1.1834,0.4069,0.7023,0.0939,0.0939,0.0939,0.0939,0.0939,0.4199
375,S-methylglutathione,Amino Acid,Glutathione Metabolism,33944,LC/MS Pos,100001259,1600,322.10674,2922-56-7,3605667,2841309,C11347,,2.3064,2.0064,1.2584,3.4775,2.4759,0.6792,5.3744,0.7866,1.1289,2.7412,2.0436,1.6364
382,S-nitrosoglutathione (GSNO),Amino Acid,Glutathione Metabolism,47127,LC/MS Pos,100004662,1748,337.08125,57564-91-7,3514,3394,,HMDB04645,1.5785,2.4079,0.6775,1.7755,1.0038,0.0735,2.2044,0.8620,2.0144,2.8567,1.1985,2.7657
76,saccharopine,Amino Acid,Lysine Metabolism,1495,LC/MS Neg,392,640,275.12486,997-68-2,160556,141086,C00449,HMDB00279,0.9316,1.7485,1.0384,1.6727,0.9040,0.3856,2.1580,0.2971,1.1779,0.5305,0.5942,0.5501
790,sedoheptulose-7-phosphate,Carbohydrate,Pentose Phosphate Pathway,35649,LC/MS Neg,100001628,599.6,289.033,2646-35-7,616,596,C05382,HMDB01068,2.0790,2.2748,0.4611,2.1825,1.0884,0.0385,5.0800,0.2550,0.1438,2.2492,1.6065,1.9358
9,serine,Amino Acid,"Glycine, Serine and Threonine Metabolism",1648,LC/MS Polar,503,2988,104.03531,56-45-1,5951,5736,C00065,HMDB00187,1.3371,1.1943,0.7498,1.3068,1.1119,0.4643,2.0807,0.7536,1.2537,1.5474,1.3385,1.1525
869,sorbitol,Carbohydrate,"Fructose, Mannose and Galactose Metabolism",15053,GC/MS,506,1843,319.1,6706-59-8,5780,96680,C00794,HMDB00247,0.2760,0.2760,0.2760,0.2760,0.2760,0.9742,0.2760,0.7037,1.2892,3.4090,0.2760,2.0370
359,spermidine,Amino Acid,Polyamine Metabolism,485,LC/MS Pos,50,533.5,146.16518,124-20-9,1102,1071,C00315,HMDB01257,1.2176,2.8595,0.7182,1.1717,1.4167,0.5515,3.1654,0.8654,0.3289,0.6729,0.8780,1.1945
358,spermine,Amino Acid,Polyamine Metabolism,603,LC/MS Pos,507,500.4,203.22303,71-44-3,1103,1072,C00750,HMDB01256,0.1970,2.5811,0.1957,0.0468,1.5495,0.6047,0.0468,0.0468,0.0468,0.0468,1.3514,1.3566
1560,sphinganine,Lipid,Sphingolipid Metabolism,17769,LC/MS Pos,313,5178.3,302.30536,3102-56-5,3126,3014,C00836,HMDB00269,1.3823,0.0741,0.9102,0.4355,1.1350,1.3436,0.0742,0.3487,0.5336,0.2185,0.8974,0.1352
1569,sphingosine,Lipid,Sphingolipid Metabolism,17747,LC/MS Pos,297,5179.9,300.28971,123-78-4,5353955,4510275,C00319,HMDB00252,1.5121,0.1939,0.8477,0.7114,0.9223,1.3007,0.4030,0.4837,0.9695,0.4544,0.6871,0.2087
986,stearate (18:0),Lipid,Long Chain Fatty Acid,1358,LC/MS Neg,439,5872,283.26425,57-11-4,5281,5091,C01530,HMDB00827,1.2800,1.4827,0.7123,1.7965,1.1297,0.4193,4.6242,0.5888,1.1208,1.9426,0.9633,1.0055
1564,stearoyl sphingomyelin,Lipid,Sphingolipid Metabolism,19503,LC/MS Polar,1538,979,775.59707,85187-10-6;85187-10-6,6453725,4956085,C00550,HMDB01348,1.8319,3.4361,1.1352,2.6691,1.3978,0.3535,10.9284,0.2997,1.4442,2.8141,1.1956,1.0200
1503,stearoyl-arachidonoyl-glycerophosphocholine (2)*,Lipid,Lysolipid,48393,LC/MS Polar,100006158,790,854.59091,,,,,,1.4786,1.4167,0.5615,1.3676,1.0971,0.3317,5.3979,0.5282,1.0362,1.3337,0.9302,0.3317
1513,stearoyl-arachidonoyl-glycerophosphoethanolamine (1)*,Lipid,Lysolipid,48497,LC/MS Polar,100006316,750,766.5392,,,,,,1.2794,1.1885,0.7254,1.3284,0.7411,0.2447,3.1475,0.5324,1.2644,1.6901,0.9934,1.0601
1504,stearoyl-arachidonoyl-glycerophosphoinositol (1)*,Lipid,Lysolipid,48282,LC/MS Polar,100006136,897,885.54948,,,,,,1.0894,2.0176,0.7281,1.8956,0.9230,0.2577,6.0813,0.6381,1.7631,3.1954,1.4292,1.2758
1515,stearoyl-linoleoyl-glycerophosphoethanolamine (1)*,Lipid,Lysolipid,48499,LC/MS Polar,100006320,750,742.5392,,,,,,1.1758,1.2444,0.8124,1.6743,1.0711,0.4927,3.5388,0.6679,1.2579,2.0931,1.1261,1.1129
1517,stearoyl-linoleoyl-glycerophosphoethanolamine (2)*,Lipid,Lysolipid,48500,LC/MS Polar,100006321,872,742.5392,,,,,,1.9094,0.1629,1.1673,0.1629,2.1860,0.7209,0.1629,0.8962,0.1629,4.4444,3.0878,0.8745
1514,stearoyl-oleoyl-glycerophosphoserine (1)*,Lipid,Lysolipid,48494,LC/MS Polar,100006312,901,788.54473,,,,,,1.0513,1.3357,0.7463,2.0980,0.8437,0.1984,4.9711,0.3701,2.6878,2.2177,1.1397,1.2218
952,succinate,Energy,TCA Cycle,1437,LC/MS Neg,252,603,117.01933,110-15-6,1110,1078,C00042,HMDB00254,1.5789,0.8472,1.2686,1.6823,1.5972,0.5219,2.2847,1.3591,0.5727,1.4948,0.9038,1.0977
312,taurine,Amino Acid,"Methionine, Cysteine, SAM and Taurine Metabolism",2125,LC/MS Polar,512,2120,124.00739,107-35-7,1123,1091,C00245,HMDB00251,1.3847,1.6009,0.7843,1.3393,0.8369,0.3540,2.8627,0.3533,0.6930,1.8645,0.5605,0.6211
2570,thiamin (Vitamin B1),Cofactors and Vitamins,Thiamine Metabolism,5341,LC/MS Neg,873,1726,263.0972,59-43-8,1130,,C00378,,1.2286,0.7630,1.0417,1.0052,1.1220,0.7340,1.2735,0.5478,0.8734,1.1060,0.8406,0.9365
2572,thiamin diphosphate,Cofactors and Vitamins,Thiamine Metabolism,35670,LC/MS Neg,522,1195.1,423.02986,154-87-0,1132,8715,C00068,HMDB01372,0.7183,0.6916,0.9455,0.1670,1.0000,1.1987,0.3520,0.6416,1.2929,0.1822,0.8424,0.3866
14,threonine,Amino Acid,"Glycine, Serine and Threonine Metabolism",1284,LC/MS Neg,564,692.7,118.05096,72-19-5,6288,6051,C00188,HMDB00167,1.2096,0.6735,0.8370,0.9342,0.9043,0.6786,1.1805,0.6570,1.1003,1.2959,0.9859,0.8412
660,threonylphenylalanine,Peptide,Dipeptide,31530,LC/MS Pos,100001125,2452,267.13394,16875-27-7,4099799;4099798,3313819,,,0.6050,0.0635,0.3380,1.7741,0.3631,0.7116,6.3577,0.8830,0.0635,1.4854,0.0768,0.8783
2475,thymidine,Nucleotide,"Pyrimidine Metabolism, Thymine containing",2183,LC/MS Neg,872,1963.7,241.08299,50-89-5,5789,5585,C00214,HMDB00273,1.9604,2.6827,0.7407,1.8095,0.5225,1.3414,7.9154,0.5045,4.1400,8.3593,2.0704,0.9238
2472,thymidine 3'-monophosphate,Nucleotide,"Pyrimidine Metabolism, Thymine containing",37122,LC/MS Neg,100001938,1015,321.04932,40705-89-3,5463,5264,,,0.3409,0.3409,0.3409,0.3409,0.3409,0.3409,0.3409,0.3783,10.4012,1.3463,0.3409,0.3409
2471,thymidine 5'-monophosphate,Nucleotide,"Pyrimidine Metabolism, Thymine containing",12023,LC/MS Neg,1248,883,321.04933,33430-62-5,9700,10239189,C00364,HMDB01227,3.1181,0.9213,1.6651,1.3497,2.4199,1.2999,2.1834,1.1422,0.8312,3.3798,2.1536,1.0598
190,tryptophan,Amino Acid,Tryptophan Metabolism,54,LC/MS Pos,565,2440,205.09716,73-22-3,6305,6066,C00078,HMDB00929,1.4109,1.0423,0.8948,1.3339,1.0863,0.7429,1.5145,0.6845,0.8055,1.1979,0.7634,0.8892
669,tryptophylglycine,Peptide,Dipeptide,43028,LC/MS Pos,100003609,2364,262.11862,7360-09-0,263471,231453,,,0.3451,0.1812,0.6691,0.7741,0.1812,0.9449,0.1812,1.9054,0.3515,0.1812,0.5279,1.3782
109,tyrosine,Amino Acid,Phenylalanine and Tyrosine Metabolism,1299,LC/MS Pos,815,1516.3,182.08117,60-18-4,6057,5833,C00082,HMDB00158,1.2194,0.9672,0.7688,1.1429,0.9416,0.7304,1.3514,0.7132,0.9291,1.1135,0.9002,0.9032
897,UDP-galactose,Carbohydrate,Nucleotide Sugar,15860,LC/MS Polar,100000298,4000,565.04774,2956-16-3;91183-98-1;137868-52-1,18068,17069,C00052,HMDB00302,1.1353,0.6322,1.6020,1.0060,1.3345,0.8415,1.5204,1.0773,0.1537,0.3992,0.3821,0.6857
893,UDP-glucose,Carbohydrate,Nucleotide Sugar,32344,LC/MS Polar,1096,3950,565.04775,117756-22-6,8629,8308,C00029,HMDB00286,1.0182,0.0437,2.0200,1.6532,0.6838,1.0306,11.1763,1.2936,0.0741,0.2964,0.1774,0.0960
898,UDP-glucuronate,Carbohydrate,Nucleotide Sugar,2763,LC/MS Neg,1097,588,579.02701,28053-08-9;63700-19-6,17473,16522,C00167,HMDB00935,1.5150,1.2184,1.0145,1.6311,1.4954,0.6061,1.7822,0.5368,0.8385,1.2626,0.7764,0.7878
902,UDP-N-acetylglucosamine,Carbohydrate,Nucleotide Sugar,35162,LC/MS Polar,1249,3708.7,606.0743,91183-98-1,445675,17215931,C00043,HMDB00290,1.0753,0.8190,0.8651,0.7462,1.3142,0.6449,1.0370,0.5626,0.8467,0.9935,0.8963,0.7665
2435,uracil,Nucleotide,"Pyrimidine Metabolism, Uracil containing",605,LC/MS Pos,825,1152.2,113.03456,66-22-8,1174,1141,C00106,HMDB00300,1.9723,2.4086,4.4085,1.3994,1.5067,5.3769,1.0148,0.8972,0.3673,1.3749,2.1710,1.1267
2434,uridine,Nucleotide,"Pyrimidine Metabolism, Uracil containing",606,LC/MS Neg,535,1457.6,243.06226,58-96-8,6029,5807,C00299,HMDB00296,1.0859,1.2528,0.5962,1.3939,0.9293,0.6205,2.3207,0.6081,1.2107,1.4970,1.2461,0.9767
2428,uridine 5'-diphosphate (UDP),Nucleotide,"Pyrimidine Metabolism, Uracil containing",5345,LC/MS Neg,870,599.5,402.99492,21931-53-3,6031,5809,C00015,HMDB00295,1.7102,0.7018,1.4353,1.3940,1.3894,0.7493,1.0919,0.4918,1.3184,0.7448,0.4390,0.4257
2429,uridine 5'-monophosphate (UMP),Nucleotide,"Pyrimidine Metabolism, Uracil containing",2856,LC/MS Polar,869,4150,323.02859,3387-36-8,6030,1399139,C00105,HMDB00288,1.7388,1.1050,1.1394,1.4072,1.3816,0.9235,2.5838,0.9988,0.8997,1.4070,1.2579,1.3391
2427,uridine 5'-triphosphate (UTP),Nucleotide,"Pyrimidine Metabolism, Uracil containing",33448,LC/MS Neg,871,572,482.96126,19817-92-6,6133,5903,C00075,HMDB00285,0.4287,0.0669,1.7028,0.1459,0.2494,0.1484,0.0669,0.2524,1.2557,0.0669,0.0669,0.0669
2431,uridine-3'-monophosphate (3'-UMP),Nucleotide,"Pyrimidine Metabolism, Uracil containing",39764,LC/MS Polar,106,3800,323.02859,35170-0-7;35170-03-7,101543,91753,C01368,,3.0441,4.0788,0.7670,1.7500,2.6324,1.0366,4.8229,0.5655,2.3241,2.4362,4.8576,0.8639
275,valine,Amino Acid,"Leucine, Isoleucine and Valine Metabolism",1649,LC/MS Pos,566,1042.1,118.08626,72-18-4,6287,6050,C00183,HMDB00883,1.6406,1.0974,0.8422,1.4963,1.1323,0.7126,1.6868,0.7416,0.9814,1.4450,1.0127,0.9583
698,valylglutamine,Peptide,Dipeptide,42079,LC/MS Pos,100003640,1100,246.14484,42854-54-6,5253209,4419671,,,0.9557,0.4774,0.7317,2.0927,0.5327,0.6072,2.7817,1.1753,0.6072,1.0373,0.4919,1.3173
699,valylglycine,Peptide,Dipeptide,40475,LC/MS Neg,100003641,1506,173.09316,686-43-1,136487,120256,,,1.0624,0.3994,0.8813,2.2420,0.5469,0.5836,5.1496,1.1744,0.5339,1.9354,0.4336,0.8316
702,valylleucine,Peptide,Dipeptide,39994,LC/MS Pos,100003210,2562,231.17032,22906-55-4,352039,312586,,,1.2115,0.1265,1.0876,1.2929,0.6716,1.2098,0.1265,1.2622,0.3109,0.3925,0.4669,0.6399
2349,xanthine,Nucleotide,"Purine Metabolism, (Hypo)Xanthine/Inosine containing",3147,LC/MS Neg,1004,908.9,151.02615,69-89-6,1188,1151,C00385,HMDB00292,1.5887,1.9212,3.1548,2.2749,1.9733,4.1723,3.7885,0.5523,0.7873,1.5358,1.8544,1.0258
2351,xanthosine,Nucleotide,"Purine Metabolism, (Hypo)Xanthine/Inosine containing",15136,LC/MS Pos,100000299,1827,285.08296,146-80-5,64959,58484,C01762,HMDB00299,1.8048,0.9390,0.5227,0.4582,1.3223,1.0769,0.0941,0.3233,1.1435,1.1074,0.5499,0.5052
2350,xanthosine 5'-monophosphate (xmp),Nucleotide,"Purine Metabolism, (Hypo)Xanthine/Inosine containing",12024,LC/MS Neg,1251,580,363.03474,25899-70-1,73323,10463791,C00655,HMDB01554,2.2558,2.1888,0.3375,1.2756,2.0523,0.1697,1.4262,0.4576,0.7838,1.0096,0.9997,1.3608
804,xylitol,Carbohydrate,Pentose Metabolism,41319,GC/MS,543,1677.6,217,87-99-0,6912,6646,C00379,HMDB02917,1.0260,0.7202,0.7302,0.3905,0.7704,1.2641,1.4572,0.6493,1.4363,0.7763,0.3905,0.7924
802,xylonate,Carbohydrate,Pentose Metabolism,35638,GC/MS,100001627,1722,292,73686-31-7,6602431,5034782,C05411,HMDB60256,0.4396,0.4396,0.6577,2.3036,1.3347,0.7708,0.4396,0.6390,0.8457,1.0034,0.4396,0.6244
